two_theta,intensity,raw_intensity
10.0,10.983306620602248,10.706902664761412
10.036014405762304,10.593575497305597,9.328390734843977
10.07202881152461,10.271885772327732,12.627615829213108
10.108043217286914,10.01357216420906,9.598696552871116
10.14405762304922,9.813969391489994,10.542569109361146
10.180072028811525,9.668412172710944,10.276888943650654
10.21608643457383,9.572235226412321,8.577972623617345
10.252100840336134,9.520773271134537,7.498001820450417
10.28811524609844,9.509361025418002,8.522736141616281
10.324129651860744,9.533333207803128,11.419929297211588
10.36014405762305,9.588024536830323,8.265018435167072
10.396158463385357,9.668769731040001,10.937398130284446
10.432172869147658,9.770903508972571,11.507763045303395
10.468187274909964,9.889760589168446,11.409689349832274
10.504201680672267,10.020675690168034,10.075060357820334
10.540216086434574,10.158983530511748,3.847316995944306
10.57623049219688,10.300018828739997,14.90645040636638
10.612244897959185,10.439116303393288,7.195005189084597
10.648259303721488,10.449259957796288,11.941011015833794
10.684273709483794,10.398468033359684,9.21282099067188
10.7202881152461,10.506082275124234,13.081691686626655
10.756302521008404,10.471853589017616,14.002476310318809
10.792316926770708,10.659338343904352,11.73970035138474
10.828331332533011,10.65249122843341,7.90100761246269
10.864345738295318,10.655710627049109,8.51840694026469
10.900360144057624,10.480198853946009,9.843608672604551
10.936374549819927,10.36254085913121,11.454393330897007
10.972388955582232,10.35528874830106,10.919366735695132
11.008403361344538,10.210646240297118,12.293438756114632
11.044417767106845,10.021059672297495,11.458094768703385
11.080432172869148,9.907049082549856,10.351052911250711
11.116446578631452,9.895883204697569,8.038388755236307
11.152460984393755,9.807298562197051,8.91098054633076
11.188475390156064,9.387955201334183,8.50696082308836
11.224489795918368,9.516146226697334,8.165722297042338
11.260504201680671,9.310897991921617,10.225987374024266
11.296518607442977,9.386750656092085,10.285027264580751
11.332533013205282,9.313520506027075,10.199089878209906
11.368547418967587,9.422061139604908,10.89908707680096
11.404561824729893,9.7917152667733,6.283642826832004
11.440576230492196,9.991922755558104,10.146066215034764
11.4765906362545,9.91104914774067,7.780304543245653
11.512605042016808,9.860018880450815,10.000148486779045
11.548619447779112,10.003727526589499,8.969824669811505
11.584633853541416,10.084122860251265,9.00443412540539
11.62064825930372,10.174045430795937,8.683833939668077
11.656662665066026,10.329831326952386,12.467939436082192
11.692677070828331,10.513675264869306,12.312755463202242
11.728691476590637,10.628804914009713,10.654259533449435
11.764705882352942,10.693635706208244,11.644834557569332
11.800720288115246,10.877026175490986,12.811661574614453
11.83673469387755,10.710952056195739,11.45213497410688
11.872749099639856,10.644341456099198,12.148909819147873
11.90876350540216,10.633164241272857,10.433482308780452
11.944777911164463,10.624332518053645,11.405618818899304
11.98079231692677,10.648275146431798,11.611631923248105
12.016806722689076,10.728814506445305,7.13026595691736
12.05282112845138,10.57779547093239,8.976374155279016
12.088835534213686,10.598633709966954,11.650284938591646
12.12484993997599,10.524546700379952,11.411666366790184
12.160864345738297,10.527145809142892,7.73744493978209
12.1968787515006,10.37417917961884,10.666825682715352
12.232893157262906,10.286391713273636,10.293717192427357
12.26890756302521,9.994618279757656,10.65341475954662
12.304921968787514,10.050729264578775,9.697064472010297
12.34093637454982,9.885581703437818,10.429316553245249
12.376950780312123,9.693054666406864,8.933820245026938
12.41296518607443,9.702390493049567,5.844503325970325
12.448979591836736,9.763742556798123,13.005727400453877
12.48499399759904,9.883560561797953,10.293234395475013
12.521008403361344,9.946823891659173,10.913673496227812
12.55702280912365,9.962015011148063,11.177336288372882
12.593037214885952,9.856279940099942,10.517081927097244
12.62905162064826,10.058236588200055,10.007203954571931
12.665066026410564,9.752336401751355,10.274227769670665
12.70108043217287,9.556840536939365,9.428382842158577
12.737094837935174,9.497692236591236,8.501062554264262
12.77310924369748,9.622663647538962,7.944158747445551
12.809123649459783,9.483584933963895,9.915918166913364
12.845138055222089,9.481369778926481,7.644168618003369
12.881152460984394,9.414238411504877,11.445616119695597
12.917166866746696,9.622577076320706,6.924610802230438
12.953181272509005,9.566385200105907,12.374432846852972
12.989195678271308,9.703698477932145,12.345673887423107
13.025210084033612,9.58239211945833,9.067967966518609
13.06122448979592,9.366646849714062,9.35842701807284
13.097238895558224,9.414665304292054,6.659595878109986
13.133253301320527,9.701811810671948,8.54743402426898
13.169267707082833,9.82226676700665,7.919573429823762
13.205282112845138,9.812295089108261,12.10653504048263
13.241296518607443,9.860636530884182,5.406349172349605
13.277310924369749,9.943684758312846,12.433122119696089
13.313325330132052,10.129505075070663,11.94758792303904
13.349339735894358,10.05943884774591,12.258970460791897
13.385354141656665,10.000455229923752,8.38155964191126
13.421368547418968,9.78928515487024,10.71427463345811
13.457382953181272,9.765108992975573,10.521961191539738
13.493397358943575,9.61328021170704,12.286349129197813
13.529411764705882,9.711363697243069,6.266472270727889
13.565426170468188,9.55886610352869,11.270202558626032
13.601440576230493,9.562216718788779,7.476450096804059
13.637454981992796,9.521277472885572,11.955759412604388
13.673469387755102,9.433532896140722,10.815253514740403
13.709483793517409,9.47949366951776,12.16264019186059
13.745498199279712,9.319172976706419,3.864477251191527
13.781512605042018,9.255529657639853,7.424977718846955
13.81752701080432,9.220792442880619,10.983856806863486
13.853541416566626,9.261726127763476,9.49116027097447
13.889555822328932,9.032157288207655,8.1414175968015
13.925570228091235,9.167468082386701,5.408712718527646
13.96158463385354,9.257129273914103,10.14552767235639
13.997599039615846,9.367482556901837,8.84729629121239
14.033613445378151,9.383720708401707,11.702922414556667
14.069627851140456,9.365847693380873,9.465205054173708
14.105642256902762,9.370622328197802,9.986801221491731
14.141656662665069,9.463130631916965,7.78366737962069
14.17767106842737,9.606793812887256,8.60168459940652
14.213685474189676,9.810271653726957,10.471051761841156
14.24969987995198,9.913810302580075,12.90749522228505
14.285714285714285,10.183029339046312,11.87338892132767
14.32172869147659,10.392728442573649,9.237812879724771
14.357743097238895,10.623770423361162,11.019759303705438
14.3937575030012,10.416727630080485,10.3485302991691
14.429771908763506,10.396864522885656,8.525333786160667
14.465786314525811,10.432484362494458,11.027256408145684
14.501800720288117,10.649351136977632,10.610473112471713
14.53781512605042,10.520332763202632,8.87081550057134
14.573829531812724,10.296507022423341,10.02453913864392
14.609843937575029,10.469352236189575,10.707351170194954
14.645858343337334,10.489304707644578,9.26934389060576
14.68187274909964,10.709640377312192,12.702332736119065
14.717887154861945,10.754001441270992,13.11542245797049
14.75390156062425,10.678640284105786,14.401830294580956
14.789915966386555,10.590550907617716,7.281914616485768
14.82593037214886,10.413820920617924,10.231353300403107
14.861944777911164,10.243960922426496,8.433171357966952
14.89795918367347,10.234559041781843,8.612367796049615
14.933973589435771,10.317047456743616,8.992171988209162
14.969987995198078,10.30205330719596,10.285244676003105
15.006002400960384,10.276948849491825,12.041536787822512
15.042016806722687,10.328738434674735,10.394704185139542
15.078031212484994,10.200670818719804,12.87680119021468
15.1140456182473,10.182004597993217,7.206390049048014
15.150060024009605,10.161381365822184,13.617033733153836
15.186074429771908,9.933008540211995,12.986154864097568
15.222088835534214,9.828137943485098,7.782477082640458
15.258103241296515,9.831633471912705,9.260289451374703
15.294117647058822,9.85636684980154,6.789319233214175
15.330132052821128,9.86778395850835,7.911241558654451
15.366146458583431,9.984939157721472,10.84899285266158
15.402160864345738,10.221648866621193,8.402556906712551
15.438175270108044,10.10986297691236,10.473881568131809
15.474189675870347,10.056420191941616,12.290402028587572
15.510204081632653,10.089700501804566,11.905461456770816
15.546218487394958,10.071017989176362,9.44852369639365
15.58223289315726,9.776727872855721,8.857303940168858
15.618247298919568,9.726664574622859,10.728236317150628
15.654261704681872,9.726095774614521,8.201838605442106
15.690276110444175,9.57546763834285,10.049438155614505
15.726290516206484,9.687566486796504,9.830938339258685
15.762304921968788,9.475740645887944,9.510189308156113
15.798319327731091,9.727716493712517,12.756617108615378
15.834333733493397,10.056763133895496,11.34431683457692
15.870348139255702,10.131913239060722,9.602687488527984
15.906362545018007,10.06461826677927,7.057951927135862
15.94237695078031,10.05802906432057,10.6527383704466
15.978391356542616,10.110489132545387,9.382824399943248
16.01440576230492,10.025370148288673,8.689632930422377
16.050420168067227,9.961482748764311,9.736333884591978
16.086434573829532,10.043226533532414,11.15421290306813
16.122448979591837,9.940488317154106,6.915277040206933
16.158463385354143,10.122621676360307,7.078540459632962
16.194477791116448,10.249548284709167,13.685205219506685
16.23049219687875,10.2983622309036,9.709839957533855
16.266506602641055,10.220120291692215,10.72681938920686
16.30252100840336,10.157722351634568,13.540612063459037
16.338535414165666,10.219344138307385,11.042388270877913
16.37454981992797,9.964799465936744,13.546364879714822
16.410564225690276,10.021838982805981,9.71377613766938
16.44657863145258,10.05569471611423,7.867898484260748
16.482593037214887,9.923637991815381,8.138880897940837
16.518607442977192,10.010135911413121,12.657355423306967
16.554621848739494,9.894260141326841,8.360492010810605
16.5906362545018,9.804438880281635,6.619154498406207
16.626650660264104,9.91529814862797,12.419524261138903
16.66266506602641,9.89838605205784,9.633009012590984
16.698679471788715,9.869653352236256,7.747710489706574
16.73469387755102,9.94425099700841,14.542622683351064
16.770708283313326,9.776205012670408,8.555166887791934
16.80672268907563,9.640336914758244,6.935391618757627
16.842737094837936,9.903612853121915,7.114103099676845
16.878751500600238,9.760227154657578,11.787761976593444
16.914765906362547,9.821771225065229,8.900391128013478
16.95078031212485,9.953991902433414,7.110675227341989
16.986794717887154,9.88573836355181,14.520773019142489
17.02280912364946,10.272432177763525,7.153299061210724
17.058823529411764,10.400164399830862,11.06352389972665
17.09483793517407,10.406529843051322,15.02569811196336
17.130852340936375,10.404124628168743,8.952194157282735
17.16686674669868,10.564942794336718,10.587775521075791
17.202881152460982,10.639696550233962,13.866773661285356
17.23889555822329,10.475630318523066,8.174824639381363
17.274909963985593,10.544993251603316,9.827548205626092
17.310924369747898,10.448363401559641,10.965053472838306
17.346938775510203,10.241812963309238,10.190744005225415
17.38295318127251,10.57948210631039,11.450369678163865
17.418967587034814,10.568548618809825,10.08344875455252
17.45498199279712,10.297078805567589,6.939234633100103
17.490996398559425,10.016779999534112,12.721011563908808
17.527010804321726,10.113905061766724,9.1912526451325
17.563025210084035,9.968962012911199,10.872128684991605
17.599039615846337,9.833816847890454,14.33604972333804
17.635054021608642,9.948915292749156,7.035059834390575
17.671068427370948,9.797572592067024,9.091386630432805
17.707082833133253,9.784713951406053,9.503769931040152
17.743097238895558,9.98912968186897,9.19077569558604
17.779111644657863,10.16249322806471,9.858957312377065
17.81512605042017,10.131812628674805,7.28768973038229
17.85114045618247,10.371794950396705,9.984117234948863
17.88715486194478,10.373377305165292,10.233806405721143
17.92316926770708,10.435226167897007,11.87327394209442
17.959183673469386,10.64084212358087,12.777269778885094
17.99519807923169,10.7116086050395,7.169784283911638
18.031212484994,10.883537985592042,9.164146831129267
18.067226890756302,10.997128016469189,13.262853660443476
18.103241296518608,10.891338986550947,13.6670597889443
18.139255702280916,10.974680983947229,9.704328471195868
18.17527010804321,10.893616335802184,12.663010045086407
18.211284513805523,10.902248386605894,10.240391464547246
18.247298919567825,10.994982509169622,12.124333417564262
18.28331332533013,10.797805806652287,11.398356340768936
18.31932773109244,10.658395875039583,12.000519788214348
18.35534213685474,10.431151437282244,12.023990847830053
18.391356542617046,10.400667649114787,6.763058546495593
18.42737094837935,10.5306960916728,12.718267304202032
18.463385354141657,10.331394318870109,10.529921482641402
18.49939975990396,10.365340778585432,10.556078810837814
18.535414165666268,10.152821229998475,10.380483877993465
18.57142857142857,9.984112582994477,7.745237158658416
18.60744297719088,10.027391063369613,9.645938639853677
18.64345738295318,9.772208605316887,8.270933306479073
18.679471788715485,9.72875078079882,7.724053350916437
18.71548619447779,9.788235417877376,8.565908938920085
18.751500600240096,9.920787923748671,9.47701834927598
18.7875150060024,9.659096200080516,9.808259368388883
18.823529411764703,9.810222864892083,9.149847989747286
18.85954381752701,9.796521101038321,11.38789536282114
18.895558223289317,10.005822997843563,11.32936574577607
18.931572629051622,10.14360431710009,11.828918140225651
18.967587034813924,10.318923440957704,14.86313238602748
19.00360144057623,10.42109851063853,10.294245390887106
19.03961584633853,10.326667777414917,6.370739908142255
19.07563025210084,10.500940447813084,10.336767295191835
19.111644657863145,10.594738225688047,6.543044390682322
19.147659063625447,10.588661925577806,12.135413049203668
19.18367346938776,10.672742825667465,13.647031070213496
19.219687875150058,10.679636457543959,10.6529586745335
19.255702280912367,10.730898422839463,12.10820641981634
19.29171668667467,10.717652304873006,8.450726652787312
19.327731092436974,10.569481211117042,9.99219529084827
19.36374549819928,10.52794949771655,9.351972399186105
19.399759903961584,10.523833871206868,15.508627833988292
19.43577430972389,10.472451792625227,9.72407113999421
19.47178871548619,10.352175920211321,11.478124568537908
19.5078031212485,10.524558299332696,8.257685023645784
19.5438175270108,10.59344167561831,9.138579002752993
19.57983193277311,10.559810693673242,8.939651705538822
19.61584633853541,10.604400587275784,11.14795421280117
19.65186074429772,10.580885781668933,10.407578289062611
19.687875150060023,10.554166881353504,9.989064828820457
19.72388955582233,10.567456847742852,10.035209817765503
19.759903961584637,10.435567095804842,12.852565189525398
19.79591836734694,10.426015221769516,11.173372192813884
19.831932773109244,10.50190965788835,10.10434960485384
19.867947178871542,10.47468569001632,10.52277737008269
19.90396158463385,10.505891937838168,10.26923902887162
19.93997599039616,10.452358162045357,12.440478290653578
19.975990396158466,10.55376709104615,10.39258017181621
20.012004801920767,10.597810065984918,9.870150040275748
20.048019207683076,10.831582202329257,10.981702570408649
20.084033613445374,10.900301651842744,11.815054886246063
20.120048019207683,10.914714854176474,6.757998511249357
20.15606242496999,10.84511918277067,8.4845384575425
20.19207683073229,10.899180684768204,11.534289525392582
20.2280912364946,10.738926874644987,14.264662313658905
20.2641056422569,10.71092429037201,12.741654555934243
20.30012004801921,10.692812754429173,8.26152259119828
20.33613445378151,10.478049875173959,10.298869020387691
20.372148859543817,10.358398359409726,8.99128427421058
20.40816326530612,10.246788390891266,11.22616727956452
20.444177671068427,10.21830853795483,11.634561995679114
20.480192076830733,10.184642825332471,11.805704647030456
20.516206482593034,10.07466977555881,12.58493784138442
20.552220888355343,9.975920201270336,11.151063967586072
20.588235294117645,10.084699108277187,8.434216613313668
20.624249699879957,10.191823069908779,8.180430265559416
20.660264105642256,10.167223286930254,10.035733592249697
20.69627851140456,10.144016976612935,8.322887349361993
20.732292917166863,10.247379149473089,11.200999832356802
20.76830732292917,10.3396152254093,9.797759354934986
20.80432172869148,10.20243210411948,6.690901223352844
20.84033613445378,10.19322929615873,10.573127845837895
20.876350540216087,10.32371270386174,9.50021211921272
20.91236494597839,10.513366617035066,8.210004535253226
20.948379351740694,10.34505919336454,12.289284270378236
20.984393757503,10.37007804656986,10.285471268862356
21.020408163265305,10.37092837671182,13.66683992420459
21.05642256902761,10.364603678874005,11.074579409870116
21.09243697478992,10.446974210193341,10.263558343340051
21.12845138055222,10.757718615612953,12.725649621251602
21.164465786314523,10.924811438536757,12.844546791595366
21.20048019207683,11.164420684367414,10.802342758547717
21.236494597839133,11.135941859679868,8.860000192729153
21.27250900360144,11.015824377009272,11.16437679385399
21.308523409363744,10.99487084160941,12.61900607635732
21.34453781512605,10.90235012342377,11.145635371546517
21.380552220888354,10.874094750371036,5.344978607957045
21.41656662665066,10.854170296417617,10.893723032720256
21.452581032412965,10.574889542349492,10.927589256309478
21.488595438175267,10.48189460421979,11.253929948436324
21.524609843937576,10.245831713897669,9.15953569850816
21.56062424969988,10.156196410707341,13.2506729134879
21.596638655462183,10.09358045006664,10.92273753199455
21.632653061224488,9.834122367272508,9.900929152550342
21.668667466986797,9.847373041602099,12.347950784647178
21.7046818727491,9.80106359150074,11.307136046009674
21.740696278511404,9.736013260999705,5.978613460424815
21.77671068427371,9.773770890527453,9.897666072410336
21.81272509003601,9.800556501589359,6.6461604039551965
21.84873949579832,9.816357625074927,9.40807948513731
21.88475390156062,9.681905630153482,10.685451084330843
21.92076830732293,9.860957282332983,9.915065373123849
21.956782713085232,10.120907906208176,9.361958194383746
21.992797118847538,10.215692262013427,10.486080308936428
22.028811524609843,9.966695398567479,8.758942986899594
22.064825930372148,10.084314897477933,10.967664141385605
22.100840336134453,10.169552871684974,10.080197869281225
22.13685474189676,10.36883672143925,12.482867424225198
22.172869147659064,10.326826278209598,7.17012075478711
22.20888355342137,10.686396517482217,10.059271571806455
22.244897959183675,10.841551362543802,13.240596336642463
22.280912364945976,10.80808546041456,11.258178179833926
22.316926770708285,11.063147322198216,10.79585825437128
22.352941176470587,11.275086664505434,10.596752031884936
22.38895558223289,11.12891953369975,11.13520363851942
22.4249699879952,11.260515466557079,12.6481435039768
22.460984393757503,11.087006887930631,11.82861933654864
22.496998799519808,11.134155753867613,13.931479746358525
22.53301320528211,11.193968828709842,9.13396946840784
22.56902761104442,11.050537516197794,8.692684410091534
22.60504201680672,11.129879467291744,11.401804286008275
22.64105642256903,11.149132239110592,13.573011843846146
22.67707082833133,11.004889690524722,10.33054807980216
22.71308523409364,10.863286359873005,11.285047177305112
22.74909963985594,10.667788769834605,8.99928223464258
22.785114045618247,10.639198094193466,12.47050833318438
22.821128451380552,10.351551505909294,7.226792085495176
22.85714285714285,10.188957568840635,9.51781741927611
22.893157262905163,10.182912264954505,13.136120174297776
22.929171668667465,10.212521628253372,9.299198616723771
22.965186074429774,10.23928891946205,9.363156515542876
23.001200480192075,10.069269118586039,11.929344814899473
23.03721488595438,10.0247554631697,8.624639172749548
23.07322929171669,9.864442031605723,11.725780359262382
23.10924369747899,9.781440743478152,8.502771074581249
23.145258103241297,9.750389095472604,8.778983495593359
23.1812725090036,9.494423266484809,12.704791454349325
23.217286914765907,9.468854654911864,6.419286918605287
23.25330132052821,9.428917125963281,7.787451615340377
23.28931572629052,9.580199280836032,9.0263011139322
23.32533013205282,9.532647292800478,10.856434817041496
23.361344537815125,9.515798961305482,11.4301509384552
23.39735894357743,9.628539485891872,10.297895390929902
23.433373349339732,9.694799359207009,10.847600140903946
23.46938775510204,9.583474717524929,10.306396389073166
23.505402160864342,9.713976993354269,10.077990952451628
23.54141656662665,9.881543194146731,7.274604849159846
23.577430972388957,9.775366455256309,6.022989759883867
23.613445378151265,9.792706427009076,9.876632436478298
23.649459783913564,9.783834083230136,7.241981667003766
23.68547418967587,9.804701876480378,11.794007915458591
23.72148859543817,9.852529434985927,10.056846505251698
23.75750300120048,9.875537596255224,12.081092234701172
23.793517406962785,9.962765698062288,13.790398546767296
23.82953181272509,10.184679163483844,7.904090227058746
23.865546218487395,10.007598329991952,10.733663270100678
23.901560624249697,9.846342844019173,9.14882473609062
23.93757503001201,9.858374991123458,11.157475354975048
23.973589435774308,9.867315732871504,12.136793332502748
24.009603841536613,9.865648558325933,6.7588674442786445
24.04561824729892,10.087463939319743,11.298617856629155
24.081632653061224,10.244745044559094,10.44937179842608
24.11764705882353,10.248402871131232,6.236325124744876
24.153661464585834,10.331390616614263,8.739918686755797
24.18967587034814,10.149975190853564,11.81494210763742
24.22569027611044,10.151740801523703,9.06584607798704
24.26170468187275,10.20935224011129,12.80355285310827
24.29771908763505,10.077195650713703,9.287771806340572
24.33373349339736,10.265879700463357,12.10286238755038
24.369747899159663,10.205471004469576,9.848419119350242
24.405762304921968,10.29102441349145,8.009841031660775
24.441776710684277,10.46773151863933,8.626117383889122
24.47779111644658,10.429024877987418,11.627555865291509
24.513805522208884,10.34352687434956,12.44079237325534
24.549819927971186,10.272883912280935,9.468523125869382
24.58583433373349,10.209355713699106,11.45917342791503
24.6218487394958,10.404476462172568,13.234711898832542
24.657863145258105,10.300323852766823,7.167744857494612
24.693877551020407,10.267189599244233,8.783837291925494
24.729891956782712,10.28106047281432,12.107915153409436
24.765906362545017,9.92937161915177,10.451816305874182
24.801920768307323,9.679037467233671,14.009240104782034
24.837935174069628,9.782526427800356,7.6796719126017265
24.87394957983193,9.65887232870577,9.038763491061498
24.90996398559424,9.630273759087878,10.12911694231494
24.94597839135654,9.551540604662677,6.445777395199986
24.98199279711885,9.71712778221209,10.154302661844886
25.01800720288115,9.626605900572844,8.86420479103935
25.054021608643456,9.54139345354881,8.937720791278945
25.09003601440576,9.544189693295507,7.851874682245128
25.126050420168067,9.57565625064869,11.511547295273338
25.16206482593037,9.577240687386254,9.766588806036992
25.198079231692677,9.596909489184764,11.899643604682616
25.234093637454983,9.795832962693972,7.234689830911023
25.270108043217284,10.061458883773298,8.029007964036296
25.306122448979597,10.107243619337018,10.49470529113752
25.34213685474189,10.10591450995922,8.770244295095042
25.3781512605042,10.448716126081408,12.876516362922464
25.414165666266506,10.557315432552302,13.167475128679254
25.45018007202881,11.002299145249001,8.250240282182865
25.48619447779112,10.89258284662966,10.709458403997765
25.522208883553414,10.99594809208638,12.98560590526894
25.558223289315727,11.151905771864973,11.511062510772614
25.59423769507803,11.105864502888034,8.82544483719336
25.630252100840337,11.24443475558777,12.99620276081932
25.66626650660264,11.255363383286335,11.243331907831651
25.702280912364944,11.174170244792087,9.276206037659028
25.73829531812725,11.14356881670835,11.625641707971674
25.774309723889555,11.09789197714081,14.41484179735606
25.81032412965186,11.115315841276143,12.026376689432368
25.84633853541416,11.153566982658536,10.072294871679192
25.88235294117647,10.813361923493801,10.906756777245874
25.918367346938773,10.494462122816321,9.939253332985055
25.95438175270108,10.35261240969188,12.157246906248847
25.990396158463383,10.116979687163981,7.300743897093366
26.02641056422569,10.101124129559011,10.999519620910934
26.062424969987998,10.037669925491414,6.912481089007837
26.0984393757503,10.00147866774924,13.661100076104775
26.134453781512605,9.936036266622697,9.958202339101485
26.17046818727491,9.948924336086064,9.433115205879863
26.20648259303721,9.835068090512074,9.62134189293212
26.24249699879952,9.565996188487743,8.002398915738327
26.278511404561826,9.47824117923789,8.88574750466793
26.314525810324128,9.331993369588284,10.491148387452196
26.350540216086436,9.316800376952477,7.229676432232402
26.386554621848735,9.341947520710052,10.629130867637128
26.422569027611043,9.396014173427051,7.079905325818454
26.45858343337335,9.369539760034426,8.130704273794604
26.49459783913565,9.369154990583613,12.029338285665442
26.53061224489796,9.488619788279776,12.066634653073748
26.566626650660265,9.52618733031506,10.326565024318937
26.602641056422566,9.594115987308424,10.558090878242403
26.63865546218487,9.653962716826758,9.564613976330325
26.674669867947177,9.718533794921612,11.79928358906337
26.71068427370948,9.680255815542994,5.942861124054558
26.746698679471788,10.053692108138895,7.905327686899145
26.782713085234093,10.245120046172882,8.240213548380979
26.8187274909964,10.323566328637932,10.069302787867896
26.854741896758703,10.359054369010032,11.198869603746626
26.89075630252101,10.242140566130422,11.81722947524043
26.926770708283318,10.348864748699821,12.628133657925858
26.962785114045616,10.401074737936137,7.701501340723496
26.99879951980792,10.484934316453716,8.714476509463552
27.034813925570223,10.631968713253329,11.79066147597525
27.07082833133253,10.552504158940293,12.919974181401193
27.10684273709484,10.327915005504991,11.31657730908168
27.142857142857142,10.563541294433227,9.693738270662632
27.178871548619448,10.712924227682763,10.876327332216803
27.214885954381757,10.840369516164571,13.325115554541494
27.25090036014406,10.947756271906378,8.916438189297764
27.28691476590636,11.000560193158256,12.451647260576475
27.322929171668665,11.090539666687375,10.892882487453155
27.35894357743097,10.979205680105121,7.932021152788653
27.39495798319328,10.857693107366268,8.437657803688445
27.43097238895558,10.526597654189228,10.2811737776744
27.466986794717887,10.378111634851251,11.606168070037016
27.503001200480192,10.436597533845507,13.941672275597092
27.539015606242497,10.41352061497864,9.58859521696851
27.5750300120048,10.520884126989051,12.53788480608692
27.611044417767104,10.306910448729942,8.15344102387688
27.64705882352941,10.053353092249735,9.23543941122408
27.683073229291715,10.15531025975596,10.392574123542774
27.71908763505402,10.164302334742228,14.62337737579121
27.755102040816325,10.23105238424715,7.941894288972242
27.79111644657863,10.196220244950235,10.017345039094655
27.827130852340936,10.184087218619448,8.730486119668832
27.86314525810324,10.191100042217705,9.04497562183885
27.899159663865547,9.995057539796711,8.869513572788692
27.93517406962785,9.943566910720374,10.14230051600047
27.971188475390157,9.77254243619421,8.270415070659404
28.00720288115246,9.69462207120129,9.046698722511485
28.043217286914764,9.490322390833942,13.921831836861726
28.07923169267707,9.476978990967876,11.824583503757175
28.11524609843937,9.59086901059974,8.016561488941377
28.15126050420168,9.762517775555626,10.484850565992158
28.187274909963985,9.969589870835163,8.538101248302727
28.22328931572629,10.047065399545351,10.841752459562985
28.2593037214886,9.966748758903972,12.523322380595072
28.295318127250894,9.958346975509503,7.113452016373476
28.331332533013203,10.102845164278284,10.52615378773322
28.36734693877551,10.305632812639423,7.784775661847053
28.403361344537814,10.269354549504717,7.943236883534229
28.43937575030012,10.458453304502852,8.031750579728513
28.475390156062424,10.433442875252878,10.377163882202584
28.51140456182473,10.396904031455989,11.231899584082036
28.547418967587035,10.336577604982423,12.063516355847678
28.58343337334934,10.454620668035538,14.692317376084484
28.61944777911164,10.401701015203056,10.000210144164818
28.655462184873947,10.385330927207074,13.269349280796837
28.691476590636253,10.461203602247897,10.917943813124284
28.72749099639856,10.546074002701074,9.414953214887202
28.763505402160863,10.496421670565397,11.114269430302686
28.79951980792317,10.50360832225144,5.901583676171399
28.835534213685477,10.49660691476118,11.763014982233006
28.87154861944778,10.587840388644928,11.555614198302049
28.907563025210084,10.595483325641808,10.84279243044027
28.943577430972383,10.633134434120462,8.13701659570253
28.97959183673469,10.565786477133845,11.605595143536483
29.015606242497,10.234833239106104,11.176559301454189
29.051620648259306,9.984786180339723,7.458598255066395
29.087635054021607,9.83269231033676,10.624965657954863
29.123649459783916,9.834641472491517,11.045033941925702
29.159663865546214,9.887134285014259,11.349085064673924
29.195678271308523,9.722496194064897,8.123020507501266
29.23169267707083,9.818924289914698,9.525557834016038
29.26770708283313,9.802722498219282,8.676131312069344
29.30372148859544,10.02600761371267,11.764294251506376
29.33973589435774,9.867863220454414,10.495248078568563
29.37575030012005,9.857200164359659,9.729926984567768
29.41176470588235,9.922937584375195,10.610117913889372
29.447779111644657,9.699173495116993,8.635648925863936
29.48379351740696,9.826797039660823,7.985759679195859
29.519807923169267,9.939762809111569,12.015317795601645
29.555822328931573,9.934100787175561,5.440768584653605
29.59183673469388,9.9507858584686,10.314893067430178
29.62785114045618,10.082418953916756,14.024878487311152
29.663865546218485,10.255027671870952,12.504042993422416
29.69987995198079,10.283907250718014,9.892239091366392
29.735894357743096,10.416808700886762,7.900548698629543
29.7719087635054,10.374147576944255,6.880581793424054
29.807923169267703,10.532833191224402,13.079117026299125
29.84393757503001,10.607100223671344,11.079969626349644
29.87995198079232,10.613609528964158,9.692592943857385
29.915966386554626,10.623948946582383,7.396161229332232
29.951980792316924,10.665521016896408,14.801750665619426
29.98799519807923,10.48471580419192,10.66897794117651
30.02400960384153,10.459083168413317,10.825920608719994
30.06002400960384,10.543756659373507,12.272380681448915
30.096038415366145,10.55120648702568,9.803766863842306
30.13205282112845,10.44119087682986,10.292091364625492
30.16806722689076,10.403569688804952,13.02954239795768
30.20408163265306,10.219817088217646,9.939737146093368
30.240096038415366,10.178481433892223,10.61738828484782
30.27611044417767,10.32428690522872,9.494255728753632
30.312124849939973,10.59853575615872,8.492711196521125
30.34813925570228,10.524066426933972,8.389301419231316
30.384153661464584,10.338430513278643,13.229843103039515
30.42016806722689,10.25448010876934,9.449410230435758
30.456182472989195,10.489692597536932,7.5623213035308865
30.4921968787515,10.454322403640482,9.704358099457044
30.528211284513805,10.378215747265356,8.088086391440848
30.56422569027611,10.20901748270382,10.169086393157984
30.600240096038416,10.33825689624785,15.034387761421184
30.63625450180072,10.293706327746811,11.490360034870836
30.672268907563023,10.315747149903103,9.886061780311188
30.708283313325328,10.493976802937034,9.314069807458225
30.744297719087637,10.47491965852412,10.734518667041495
30.78031212484994,10.572097614428642,13.466441262710456
30.816326530612244,10.574487633622553,10.188820211766911
30.85234093637455,10.554677817591969,11.014297500092582
30.88835534213685,10.556734208504412,10.958999350628677
30.92436974789916,10.550095589518799,6.792169674752763
30.96038415366146,10.51387688268569,12.269266052190886
30.996398559423767,10.325585580584502,13.067713243160412
31.032412965186072,10.29211835124966,8.924028489018509
31.068427370948378,10.467223512857837,6.773844035604619
31.104441776710683,10.329850267777562,11.080987147940515
31.140456182472988,10.278600554792865,10.766547840358784
31.176470588235293,10.151214501696533,10.069866138571784
31.2124849939976,10.047132579236917,10.685029680809036
31.248499399759904,10.193388342681233,11.414233755134362
31.28451380552221,10.194252704951106,10.22745334936616
31.32052821128451,10.232089424721584,8.010328754793257
31.356542617046816,10.142997788749446,9.942290539993914
31.39255702280912,9.931832981567466,7.172185775465685
31.428571428571427,9.8509478569384,12.392699618101584
31.46458583433373,9.85213943588125,10.545852867802578
31.50060024009604,9.937316593553192,10.878600462830835
31.536614645858343,10.079339033770347,9.96816861288688
31.57262905162065,9.973582028259319,9.100106869508672
31.608643457382957,10.05538067556498,12.10143801622344
31.64465786314525,10.299592660901128,14.295704228621547
31.68067226890756,10.262360079275409,5.873006170179478
31.716686674669862,10.087678715102292,10.051833743850594
31.75270108043217,10.04010608349371,9.553672499250707
31.78871548619448,10.050988860495293,8.976886403901307
31.824729891956785,10.076254952545561,9.896273396465904
31.860744297719087,10.048721414675645,9.397226146353775
31.896758703481392,10.046390619865218,9.932020901174935
31.932773109243698,10.019683580503091,7.161561295707624
31.968787515006,9.84529921063991,8.78909289389704
32.0048019207683,9.683382226556109,13.2982400320538
32.04081632653061,9.41076593189036,14.662011640991151
32.07683073229292,9.463190301447362,10.659747329548315
32.11284513805522,9.58963902298919,9.64725005654617
32.14885954381752,9.567520773332713,8.158181502275793
32.18487394957983,9.673280291278875,8.954561047469218
32.22088835534214,9.664149493258646,9.688211142116216
32.25690276110444,9.787623466332079,6.978211762819489
32.292917166866744,9.922398329587267,9.144747385509104
32.328931572629045,9.758777003723313,9.42113618141608
32.364945978391354,9.767415362183174,10.486336178896169
32.40096038415366,9.737302502428193,9.042257222657234
32.436974789915965,9.617741568178749,7.728088833966058
32.47298919567827,9.593107578565538,9.350979658992758
32.509003601440575,9.559484200301746,9.788315001920711
32.545018007202884,9.595222486621504,9.429663933043882
32.581032412965186,9.399172388412182,10.528625346589624
32.61704681872749,9.351327140234114,12.412974485454152
32.65306122448979,9.467237502723727,12.57782433921374
32.6890756302521,9.667232221056143,10.659933557976084
32.72509003601441,9.609388292756641,7.231928320946597
32.76110444177671,9.594752349501299,11.025719241483044
32.79711884753901,9.52084301947185,7.070954477175733
32.83313325330132,9.52275233957358,8.164637192451092
32.86914765906363,9.5545786675113,7.825467736168299
32.90516206482593,9.377852664185296,10.647747396158016
32.94117647058823,9.252216307906552,9.42132271568004
32.977190876350534,9.251918563167097,9.009860075760114
33.01320528211284,9.30068036907585,9.332556086419505
33.04921968787515,9.463926367697301,10.864358528547143
33.08523409363745,9.439325497372685,9.694722850838462
33.121248499399755,9.397317919224905,9.36097899249527
33.157262905162064,9.470997163387356,8.014553701778555
33.19327731092437,9.321941689982332,10.159469249203685
33.229291716686674,9.4439385726431,7.644034228762148
33.265306122448976,9.499115420032778,8.273149638412157
33.30132052821128,9.751744596161844,8.662047013482102
33.33733493397359,9.642780119708108,11.82572968533499
33.373349339735896,7.801765114204441,10.548096730885344
33.4093637454982,0.0,10.624699144375018
33.4453781512605,0.0,9.584705340345216
33.48139255702281,0.0,9.60690121914818
33.51740696278512,0.0,11.729847665898776
33.55342136854742,0.0,13.056115141304923
33.58943577430972,0.0,10.946165090558743
33.62545018007203,11.264616011712949,11.307817290591425
33.66146458583433,49.01526807135486,7.0207709920911086
33.69747899159664,84.14724032344141,9.20209788495691
33.73349339735894,116.34071058283338,10.95510125465734
33.76950780312124,145.63083414255286,8.627380055143894
33.80552220888355,171.9156307657993,13.765621379539954
33.84153661464586,195.13291070547388,9.024645718118492
33.87755102040816,215.5189169732452,13.266259239271257
33.913565426170464,232.72470808767974,10.10284017558894
33.94957983193277,247.062021650853,18.302003625980667
33.985594237695075,258.54949147033864,63.40145071136115
34.021608643457384,267.0899075493143,261.6374771678665
34.057623049219686,272.79895837650685,704.6686555595677
34.09363745498199,275.53411419742287,1145.013118530015
34.129651860744296,275.1890008001325,1119.1109858236186
34.165666266506605,272.1885836955705,653.6923148798608
34.20168067226891,266.2722210644124,234.4028306184384
34.23769507803121,257.5341950442615,60.37940208751768
34.27370948379352,245.68199016457234,15.24585025520853
34.30972388955582,230.83116512206104,10.291210313008223
34.34573829531813,212.97689777471044,9.244697167599222
34.38175270108043,192.35924156102826,7.636667000792918
34.41776710684273,168.69721530705567,6.820731704779537
34.45378151260504,142.38504360598418,11.637051473029626
34.48979591836735,112.8418479677618,6.154000422290964
34.52581032412965,80.56772975803257,11.64908503629641
34.56182472989195,45.3435385243718,10.37977614705059
34.59783913565426,7.632399720856218,11.977865304085592
34.63385354141657,0.0,11.860613993911722
34.66986794717887,0.0,9.938088105711984
34.705882352941174,0.0,9.77540826705928
34.74189675870348,0.0,13.49463198756294
34.777911164465785,0.0,9.712085003883296
34.81392557022809,0.38098940167156725,11.38886554309486
34.849939975990395,8.206619881002695,6.973782308615823
34.8859543817527,9.954505816994645,11.653892754294173
34.921968787515006,9.268933710539685,8.691349846139248
34.957983193277315,4.306668550114857,12.036711988845944
34.993997599039616,0.0,10.113422184323156
35.03001200480192,0.0,10.297034113687438
35.06602641056422,0.0,9.043007144254736
35.10204081632653,0.0,11.68384419799243
35.13805522208884,0.0,12.045703980148886
35.17406962785114,0.0,10.009597225033092
35.21008403361344,33.2992162496167,8.885779911751774
35.24609843937575,64.71731357947596,2.4885099619874915
35.28211284513806,93.84102438807942,9.202497415253308
35.31812725090036,120.13839403623102,7.103108298833793
35.35414165666266,143.8526056753959,12.82210815153415
35.390156062424964,165.37837426963708,13.798500445611198
35.42617046818727,184.0978768411452,13.31988789984612
35.46218487394958,200.40617713984543,7.53972888374996
35.49819927971188,213.84707897695586,12.323826819858049
35.534213685474185,224.94064410651205,35.214733491756355
35.570228091236494,233.40738450034613,153.58008346375382
35.6062424969988,239.51596345934243,476.8595766725636
35.642256902761105,242.9380642365428,912.378609458156
35.678271308523406,243.76436517384587,1049.4916181262868
35.71428571428571,241.9118504066117,716.2120473160589
35.75030012004802,237.5743990273413,301.350820275157
35.786314525810326,230.73067377609743,81.76823926379002
35.82232893157263,221.38268601387801,22.10000193902597
35.85834333733493,209.2236889604899,14.224242798754744
35.89435774309724,194.19354841313645,8.52851865074385
35.93037214885955,176.8803816436445,12.91733248615171
35.96638655462185,156.93195905689802,13.849395804830896
36.00240096038415,134.50247982968864,9.478742783806563
36.03841536614645,109.82161464729525,11.6484349868359
36.07442977190876,82.37343461227982,9.857163258925928
36.11044417767107,52.0223625114724,12.253799752822346
36.14645858343337,19.40189280216983,11.960309574124336
36.18247298919568,0.0,10.47953915306032
36.21848739495798,0.0,8.642493739523962
36.25450180072029,0.0,9.21246982525854
36.29051620648259,0.0,9.709753792392716
36.326530612244895,0.0,10.76940600013888
36.3625450180072,0.0,11.687016851366447
36.39855942376951,7.08887777683824,11.32531880622423
36.43457382953181,9.606910375657199,7.730306069038063
36.47058823529412,10.059125454714215,11.802517502058432
36.50660264105642,10.224759366440972,11.397789750308917
36.54261704681873,10.11577946859375,10.159806357474103
36.57863145258104,10.079547739797006,8.487039773532683
36.61464585834334,10.207274729397502,11.787367147131391
36.65066026410564,10.158393988613101,5.585834007731418
36.68667466986794,10.170971100436253,9.790107228264691
36.72268907563025,10.026794712399496,11.895135482438707
36.75870348139256,10.151566274943049,9.674107190937598
36.79471788715486,10.268700470347254,11.29298534334117
36.83073229291716,10.129586316727591,8.681669789963795
36.86674669867947,10.09304647838528,6.865789786709457
36.90276110444178,10.063778973274317,10.839822383639936
36.93877551020408,9.879713610888691,15.356664745223512
36.97478991596638,9.767924870636731,11.969908519600176
37.010804321728685,9.791733187878265,12.05905442563326
37.046818727490994,9.749951697984088,8.773804041159941
37.0828331332533,9.682231211611018,7.822517697569812
37.1188475390156,9.644122841308734,8.006171739891819
37.15486194477791,9.709356529230494,8.337840757153595
37.190876350540215,9.52260677581033,10.9506763423943
37.22689075630253,9.469718027123852,8.858143218063388
37.262905162064826,9.522196782302093,8.603469536854696
37.29891956782713,9.297047641442386,9.117619761632842
37.33493397358943,9.186059413868202,11.182610231802984
37.37094837935174,9.144906844467286,7.404094316700163
37.40696278511405,7.970793256742607,7.139720363212143
37.44297719087635,2.9385242126855733,11.90827272703122
37.47899159663865,0.0,7.584371173357541
37.51500600240096,0.0,7.014500594366363
37.55102040816327,0.0,10.762026720623563
37.58703481392557,0.0,10.518999723850238
37.62304921968787,0.0,8.653924998572714
37.65906362545018,4.743843145673695,10.25680003288627
37.69507803121248,32.68929942404731,6.916578731073673
37.73109243697479,58.767692687416854,10.002880743540688
37.76710684273709,82.80178884668352,7.545934550854621
37.803121248499394,104.55405879481819,12.690425171336258
37.8391356542617,124.30852217120514,8.093108706599201
37.87515006002401,141.89455688271786,8.81520464561175
37.91116446578632,157.23603181070604,8.608526409809146
37.947178871548616,170.49107699453305,9.50523144586071
37.98319327731093,181.63412968048536,10.498837997915796
38.019207683073226,190.56940641876966,39.23646911630712
38.055222088835535,197.2346299105588,154.83893143725246
38.09123649459784,201.9629185930132,451.52984980047415
38.12725090036014,204.34089325727766,801.649877332636
38.16326530612245,204.6089058404374,863.6192530879258
38.19927971188476,202.97486040347644,554.4937444835246
38.23529411764706,199.07757615970507,213.18897662060323
38.27130852340936,192.9456227017352,56.68963482304308
38.30732292917167,184.85750045223799,17.15736445401176
38.34333733493397,174.37619064309692,10.667756387534688
38.37935174069628,161.88920756411355,7.95078805940574
38.41536614645858,147.22857658427736,11.00063884832316
38.45138055222088,130.5791711115351,10.495448575554764
38.48739495798319,111.41400014620402,9.03576535034305
38.5234093637455,90.3337910702451,10.89632623724304
38.5594237695078,66.96732059206718,10.00314183848143
38.5954381752701,41.577651249757366,11.722070920672978
38.63145258103241,14.022688479852581,9.488806003307872
38.66746698679472,0.0,11.582573582647075
38.70348139255702,0.0,11.91230785904521
38.739495798319325,0.0,12.97831398555581
38.77551020408163,0.0,11.376136974856562
38.811524609843936,0.0,9.110724818449864
38.847539015606245,1.8734881870258737,11.79899528448941
38.88355342136855,8.870117190530086,12.343031378599855
38.91956782713085,10.555855123488302,9.483009396548653
38.95558223289316,10.713067893696637,11.429943509253077
38.991596638655466,10.652092291867849,10.931320663323447
39.02761104441777,10.495604314114335,8.424089077752162
39.06362545018007,10.412840324808121,9.388023641784336
39.09963985594237,10.354621668281927,13.686228721261571
39.13565426170468,10.270512295443808,8.654717268991984
39.17166866746699,10.20360203365519,10.976623814387498
39.20768307322929,9.998438606729044,8.32662991507662
39.24369747899159,10.05691668831447,9.0804604220527
39.2797118847539,9.729744166841757,10.272417455977822
39.31572629051621,9.616547133225081,8.295832764355627
39.35174069627851,9.611450487798555,8.965644261975266
39.38775510204081,9.706768338636161,10.510522213871752
39.42376950780312,9.687346051349328,11.9202165892765
39.459783913565424,9.622619862323914,11.798064003217965
39.49579831932773,9.646287868199025,7.528074235527312
39.53181272509004,9.739465139254934,7.719880073982562
39.567827130852336,9.72398551192713,10.722154875215953
39.603841536614645,9.796513881706675,10.381336658297236
39.63985594237696,9.854111927817092,9.4954157314083
39.675870348139256,9.66752677122331,10.498415131140192
39.71188475390156,9.589972770992846,9.447677985040295
39.74789915966386,9.749719630127656,7.990962394528287
39.78391356542617,9.632099724511558,8.845601457155242
39.81992797118848,9.74713953621685,11.166532143706917
39.85594237695078,9.49046124742775,6.573727694443669
39.89195678271308,9.40811778788464,13.381167545647656
39.92797118847539,9.417782087878555,11.214719476604335
39.9639855942377,9.337870713776715,9.538867691907662
40.0,9.385696579847245,8.649471359548773
40.0360144057623,9.325569922649654,10.152764727271904
40.0720288115246,9.446045140322653,8.89006489462768
40.10804321728691,9.58243281800354,9.450653884161785
40.14405762304922,9.45438434531798,8.78710059930173
40.18007202881152,9.455573388511866,8.425759382332863
40.21608643457383,9.492875377127005,8.111070890092842
40.25210084033613,9.571444281292484,7.9213095707960335
40.28811524609844,9.49561423821479,11.071109236152672
40.32412965186074,9.548999304914975,9.475966611041631
40.360144057623046,9.599459813618886,8.648720600918239
40.39615846338535,9.762410951034841,10.53064599620673
40.43217286914766,9.78648571957829,7.3636864823945025
40.468187274909965,9.803553072181167,13.6708957299537
40.50420168067227,9.652795271586726,10.888965964753025
40.54021608643457,9.809625140615054,10.205046864009043
40.57623049219688,10.137098106207665,10.371035951267736
40.61224489795919,10.112290720552846,7.558214043554816
40.64825930372149,10.004105353207784,11.58558129869064
40.68427370948379,9.61511378913016,9.474503221672965
40.72028811524609,6.986830651886481,9.580901066443673
40.7563025210084,0.0,11.765046952383516
40.79231692677071,0.0,8.497239294711742
40.82833133253301,0.0,10.44959314544828
40.86434573829531,0.0,9.459092706682515
40.90036014405762,0.0,12.59793826253004
40.93637454981993,0.0,11.28804391706343
40.97238895558223,21.710274636996733,10.692069784400326
41.00840336134453,43.68366438416429,5.872401384959109
41.04441776710684,63.98875223141616,8.87171710218931
41.080432172869145,82.52128978781637,11.542454613223006
41.116446578631454,99.34651977332288,10.994017079989243
41.15246098439376,114.3624288911104,11.010344397823507
41.18847539015606,127.40557614544541,5.079701490931056
41.224489795918366,138.8676515711442,11.342795252677478
41.26050420168068,148.22534080434778,12.88447234591533
41.29651860744298,156.1716645111851,23.074302669693797
41.33253301320528,162.32617874531948,86.05051980033755
41.36854741896758,166.6432292632695,268.4625125851694
41.40456182472989,169.17880912101816,575.1374685680248
41.4405762304922,169.9388973962414,730.0065283002074
41.4765906362545,168.92987787458287,563.5562109796476
41.5126050420168,165.99239490753766,261.46198168054644
41.54861944777911,161.74169000439304,77.94222716799584
41.58463385354142,155.5526205009428,19.80329309434059
41.62064825930372,147.46537146415812,9.73114538730152
41.65666266506602,137.5736722887091,9.004639173842607
41.69267707082832,125.85533802249778,4.780236488466937
41.72869147659063,112.50287750761626,9.00906147075366
41.76470588235294,97.36424800119326,7.468831566904458
41.80072028811525,80.52686187204276,11.763718866145089
41.836734693877546,61.68913490988907,7.790033485318887
41.872749099639854,41.27344017362119,12.755689310914928
41.90876350540216,19.247498358368542,8.746619332402569
41.94477791116447,0.0,6.888474713995967
41.98079231692677,0.0,7.947899384956845
42.01680672268908,0.0,10.680401229274784
42.05282112845138,0.0,7.642760095133689
42.088835534213686,0.0,9.3095276112702
42.12484993997599,0.0,12.578457138723763
42.1608643457383,6.6305659325711686,5.442739659769873
42.1968787515006,9.064635503358174,8.0604170680832
42.2328931572629,9.604562782277021,11.039056474662976
42.26890756302521,9.819641119656882,6.648499402858888
42.30492196878751,9.994929569449498,10.199646950386104
42.34093637454982,10.045818609367272,10.265515782557763
42.37695078031212,9.991057920311993,11.078438240581796
42.41296518607443,9.925584363830453,10.371059840231675
42.44897959183673,10.037460788764458,9.665207791261928
42.48499399759904,9.820097604868264,11.512861374680508
42.52100840336134,9.985943349789245,10.63010379162819
42.55702280912365,10.129515872138342,10.026550828642938
42.59303721488595,9.9620065587366,10.484772842693394
42.629051620648255,9.918959642095462,11.809402038294362
42.66506602641056,9.884466440654164,12.64546651903215
42.70108043217287,9.859065526800835,6.705962021324565
42.73709483793517,9.76156600581349,10.086981971687322
42.77310924369748,10.022674418172526,8.294606188328597
42.809123649459785,9.720152093929405,12.320583819243916
42.84513805522209,9.557743728594279,9.431363378131234
42.88115246098439,9.482007046974816,8.171232515370113
42.9171668667467,9.34078997701703,7.937181435655487
42.953181272509,9.337494586529289,5.030438076217175
42.98919567827131,9.350965793693028,10.504522883825317
43.02521008403361,9.287563561261342,8.923746747140838
43.06122448979592,9.324527446828693,8.976317017889649
43.09723889555822,9.385858327890206,13.18085928143055
43.13325330132053,9.488367594407274,10.040740836339246
43.16926770708283,9.757254657337818,6.547363930230814
43.20528211284513,9.722051806300302,11.264675607647993
43.24129651860744,9.807240883541592,8.980691536372559
43.27731092436974,9.873921941482068,11.626000277850473
43.31332533013205,10.088830366249805,8.338692323311342
43.349339735894354,10.00798518577838,11.39596422418683
43.38535414165666,10.214168377084277,6.492531118738046
43.421368547418965,10.262847824146744,12.190696767006958
43.45738295318127,10.415041513594522,11.284207636421032
43.493397358943575,10.333351513490033,12.806244145635947
43.52941176470588,10.33444265143577,10.079810106857886
43.565426170468186,10.399172758803141,10.015818000026444
43.60144057623049,10.262308618685621,9.739313952353536
43.6374549819928,10.326840369749718,12.923949838668916
43.6734693877551,10.147787664052695,10.592617150946896
43.70948379351741,10.161441601533877,9.302364977586302
43.74549819927971,10.38199575545329,10.303677953463756
43.78151260504202,10.404935878754408,5.258999116773772
43.81752701080432,10.178249437721679,11.416030612632593
43.85354141656663,10.123109736175602,9.348910425655104
43.88955582232893,9.96089149924222,11.67102403756014
43.92557022809123,9.975465561166423,10.05555659146802
43.96158463385354,9.864821961188497,11.187792811243083
43.99759903961584,9.729785146250734,7.328569121654917
44.03361344537815,9.402992043946831,8.468135708667614
44.06962785114045,9.460896250057738,10.092786246711066
44.10564225690276,9.446179293069186,13.528018605035273
44.14165666266506,9.481790862413984,10.692313534622292
44.17767106842737,9.49882212310227,8.333942140531118
44.21368547418968,9.375001462716545,8.706068780952982
44.249699879951976,9.392329499624966,8.454736033598195
44.285714285714285,9.529554605826354,12.585329974980828
44.32172869147659,9.52527019661155,7.895617267374171
44.357743097238895,9.588710628967048,6.834608974348574
44.3937575030012,9.577808726286788,8.07017249772949
44.42977190876351,9.521427459134793,9.644725446810996
44.46578631452581,9.748908067493437,10.09377186871421
44.50180072028812,9.960364502606891,10.472605855047824
44.53781512605042,10.099296955189951,9.09619818512259
44.57382953181272,10.160613528592078,8.437324723855031
44.60984393757503,10.208487634851283,12.19592724723126
44.64585834333733,10.119856826565835,12.114548219462469
44.68187274909964,10.048210649306343,8.837677066018708
44.71788715486194,10.158022849658387,9.971196160283162
44.75390156062425,10.476340648061244,11.121184112909248
44.78991596638655,10.606137812988992,9.391222141938602
44.82593037214886,10.625397348916396,13.040942699355742
44.86194477791116,10.656596392092377,9.930732440094015
44.89795918367346,10.710543717069127,10.876055563179392
44.93397358943577,10.878914459078654,12.937349635192696
44.96998799519808,10.977120464439208,10.605901479425478
45.006002400960384,10.835543249206278,13.933325119211112
45.042016806722685,10.747330545413739,9.79814871385324
45.078031212484994,10.48957966084945,8.56348412081303
45.114045618247296,10.447236112746625,6.155027490659425
45.150060024009605,10.47151521964103,9.69199516019212
45.18607442977191,10.213284910276895,10.10309937714925
45.22208883553421,9.977334325109522,12.041185468477105
45.25810324129652,9.980034260449026,11.655030508339138
45.29411764705882,9.997223808567048,12.29441552969358
45.33013205282113,9.828477684595235,9.659443033467156
45.36614645858343,9.93217497006522,8.378785790934009
45.40216086434574,10.00184746441114,10.27182670955442
45.43817527010804,9.945497439114028,10.392019744459091
45.47418967587035,9.964000092066367,10.062575134477363
45.51020408163265,9.94701232404276,8.599875503072859
45.54621848739495,9.87333308308977,9.927280227397144
45.58223289315726,9.822027724895289,6.350353396667725
45.61824729891956,9.913458135145722,9.470368283245636
45.65426170468187,10.072655522630594,8.371764050304403
45.690276110444174,10.058006963232884,13.777914319504616
45.72629051620648,10.031417080903761,9.53541154491488
45.762304921968784,9.760135933424284,7.966786017996348
45.79831932773109,9.78023917151656,13.13356986504876
45.8343337334934,9.809390011292615,12.212564615697008
45.8703481392557,10.009446177304907,10.74052234075834
45.906362545018006,10.050585458892158,10.98887247619259
45.94237695078031,10.244226228255984,12.466586096237275
45.978391356542616,10.4113695183,6.784740377406635
46.01440576230492,10.31089971639028,7.945933527929203
46.05042016806723,10.388726112379159,8.580823734067472
46.08643457382953,10.452753631787127,10.611388274885815
46.12244897959184,10.540468635511873,8.547164029296216
46.15846338535414,10.498915539676462,10.765815917467458
46.19447779111645,10.645299341383442,13.387951913118023
46.23049219687875,10.536794735586403,8.457893574165919
46.26650660264105,10.252661857733255,10.71880823813684
46.30252100840336,10.278451858948097,11.475315031424358
46.33853541416566,10.408271316780416,10.574036958399516
46.37454981992797,10.288087351054866,13.64331121469408
46.41056422569027,10.226926335266535,10.242880708635363
46.44657863145258,10.382332431370727,10.332583966681227
46.48259303721488,10.401272759277756,8.250225546058276
46.51860744297719,10.481538187064947,11.9955903702971
46.55462184873949,10.486497635504401,9.811515843352623
46.5906362545018,10.701475099113841,7.632129355828493
46.6266506602641,10.441697028648338,12.203757716668855
46.662665066026406,10.072736127462179,9.989026607416436
46.69867947178872,9.975373030303967,10.49515627727241
46.73469387755102,9.94380594545899,9.596904569594674
46.770708283313326,9.681540823120075,10.918319267835798
46.80672268907563,9.59828254888017,7.305925021759528
46.842737094837936,9.742904318974668,8.403079588056347
46.87875150060024,9.536065616882729,15.417662165000916
46.91476590636254,9.46190851453519,6.962010326252759
46.95078031212485,9.413680434140483,9.58192087861777
46.98679471788715,9.424728812472056,11.646369056922715
47.02280912364946,9.719291612359283,8.17177535114714
47.05882352941176,9.682033371024131,7.739156917710931
47.09483793517407,9.725949403184266,10.396804997459771
47.13085234093637,9.773310247688991,7.594529112725253
47.16686674669868,9.772983049082365,9.411949899261804
47.20288115246098,9.742111908975843,5.882933876878417
47.23889555822328,9.53234791284906,10.74082617939859
47.27490996398559,9.63840701525492,14.498946625856538
47.310924369747895,9.601794529453397,8.789526611322767
47.3469387755102,9.681564490273315,8.804871435831382
47.382953181272505,9.62054422332871,12.079724839849655
47.418967587034814,9.632430015480962,10.337817488909485
47.45498199279712,9.640436156536092,7.980684618055842
47.49099639855943,9.599778959986324,11.38862989190658
47.527010804321726,10.001926214212752,10.749175652177309
47.56302521008403,9.970179235981576,11.523629817092896
47.59903961584634,10.033149913595144,9.697663569079609
47.63505402160864,10.066026285434722,6.221175511821234
47.67106842737095,10.068520494910276,10.737509729560198
47.70708283313325,10.08538583453255,9.118962578638962
47.74309723889556,10.082548956568656,6.221789190245456
47.77911164465786,9.858858429771848,10.851402286866898
47.81512605042017,9.880290763812637,9.92126050782146
47.85114045618247,9.700729029316822,11.965438196317926
47.88715486194477,9.683290476453587,9.524275046858769
47.92316926770708,9.907597173060992,11.174158003131293
47.95918367346938,9.938432785039796,9.247981604948862
47.99519807923169,9.97358958117422,11.94322226640301
48.03121248499399,10.058832985842882,12.379621577408956
48.0672268907563,9.972319975081785,8.873500400499477
48.10324129651861,9.84737991208464,10.457039217134705
48.13925570228091,10.025139442070957,7.5094700635406655
48.175270108043215,10.295934912196666,9.114566096565143
48.21128451380552,10.458303457982018,8.893281804553016
48.24729891956783,10.633066724525149,12.107797381095963
48.28331332533013,10.516589484369822,9.696097894141245
48.31932773109244,10.610417965752442,8.147378389158343
48.35534213685474,10.516314056509536,10.96800707221776
48.391356542617046,10.375394010649691,13.750874398879295
48.42737094837935,10.427125405442862,9.98989973524299
48.46338535414166,10.363629248059276,10.491215138676344
48.49939975990396,10.519619233776691,11.271812555012506
48.53541416566627,10.358093857887768,10.298754414301056
48.57142857142857,10.339476106697797,9.464642411445327
48.60744297719087,10.314592200717211,8.734866681262178
48.64345738295318,10.36998487810599,10.874751368075836
48.67947178871548,10.387302883463217,14.137742051565592
48.71548619447779,10.331073556680897,13.41666080016108
48.75150060024009,10.34685141136393,10.044923566482517
48.7875150060024,10.257606289547805,6.978319565760732
48.8235294117647,10.196132309695866,10.0726331441383
48.85954381752701,10.15056143153628,7.754720277618698
48.895558223289314,10.037449952027034,10.094416447246536
48.931572629051615,9.95423741645985,9.094637329764463
48.96758703481392,9.773205094790738,11.86740778073603
49.00360144057623,9.784061364193644,9.461067137375254
49.039615846338535,9.906159147320498,8.796407413951574
49.07563025210084,9.919425721693436,10.388651789590076
49.111644657863145,9.947772750310461,7.121320479691895
49.14765906362545,10.024336971780142,12.05622613739602
49.18367346938776,9.988917459996259,10.79485414443371
49.21968787515006,9.861010768114522,8.932711734451171
49.25570228091236,9.819770337820534,9.639228027331624
49.29171668667467,9.821096383814975,11.702364724038208
49.32773109243697,9.83858476672339,10.314568674754936
49.36374549819928,10.085462732207532,10.127077041823654
49.39975990396158,9.99317969872752,9.151770211987962
49.43577430972389,9.86950813931761,9.324086696731568
49.47178871548619,9.854853739879903,7.970014639390625
49.5078031212485,9.716870519148031,12.937094415273666
49.5438175270108,9.636289439047088,10.480368706333971
49.579831932773104,9.638562338437852,10.98995193565056
49.61584633853541,9.649100550852998,9.102719558232948
49.651860744297714,9.619567585770447,9.685692885176444
49.68787515006002,9.399996618424792,8.685880117490726
49.723889555822325,9.537159554782978,8.464799685864797
49.75990396158464,9.317901017592309,7.852824724288006
49.795918367346935,9.32341076912452,9.348692837841687
49.83193277310925,9.329535041419623,10.694831966966058
49.867947178871546,9.310290703098394,7.492884873399878
49.90396158463385,9.1933446548475,8.021886716689437
49.93997599039616,9.308156722852734,11.697203465915742
49.97599039615846,9.399460814545089,6.66112722631498
50.01200480192077,9.425196538773198,11.654681011921484
50.04801920768307,9.361152914324158,9.25810242352948
50.08403361344538,9.424349498411376,9.422492169907713
50.12004801920768,9.388675703129655,9.741707302557447
50.15606242496999,9.548632743699773,10.686196348298324
50.19207683073229,9.55476647532423,7.575007443790618
50.2280912364946,9.658121983852366,10.16532383371796
50.2641056422569,9.503813709160907,8.973820611521795
50.3001200480192,9.61173771964361,12.964000901229058
50.33613445378151,9.619606539663717,6.230938663225272
50.37214885954381,9.658923741733473,10.642858711929629
50.40816326530612,9.728881048301806,10.608210714483356
50.44417767106842,9.924894853502416,10.0226393854946
50.48019207683073,9.994806507128482,8.740657392831514
50.51620648259304,9.866296378518808,11.79172623498708
50.55222088835534,9.641187315206926,8.965146093104696
50.588235294117645,9.634519979125619,8.229530632317115
50.62424969987995,9.395947283715977,9.562509192000824
50.660264105642256,9.536768389048332,10.89010372636956
50.69627851140456,9.561234612089777,7.974521387242103
50.73229291716687,9.52924431560167,8.243254025769186
50.76830732292917,9.432731730077437,8.617920633577038
50.80432172869148,9.315658102222997,10.388489498530712
50.84033613445378,9.157219475671797,9.10985245448952
50.87635054021609,9.021338319293395,13.99523058025276
50.91236494597839,8.98875840612037,9.044217629571223
50.94837935174069,8.959847836666837,10.324443853743947
50.984393757503,8.751797765954024,9.155554849386167
51.0204081632653,8.68987281598719,7.014247012125308
51.05642256902761,8.78445213777903,4.208485452719003
51.09243697478991,8.780873886079396,7.66960119817878
51.12845138055222,8.884206641544464,8.676948828027648
51.16446578631452,9.0206581720363,11.154931105220411
51.20048019207683,8.995181777162413,10.25980150142863
51.23649459783913,9.060393914629193,10.864656266921436
51.27250900360144,9.129798873967333,6.782719979656163
51.308523409363744,9.127574061852794,6.63057460795007
51.344537815126046,9.262765632223182,7.477211711521463
51.380552220888354,9.390962855546402,9.1195337326972
51.416566626650656,9.458520346017222,11.070246547803448
51.452581032412965,9.664267959527228,9.134653649027095
51.48859543817527,9.782772762923193,11.363453506527
51.524609843937576,10.026772011174446,7.953143160238785
51.56062424969988,10.180086949022089,12.624024702345324
51.59663865546218,10.205971885050765,10.826645036683376
51.63265306122449,10.19852598833374,12.178400996427923
51.66866746698679,10.023433283833585,9.21102728953224
51.7046818727491,9.662677928292284,11.412170475635776
51.7406962785114,9.59338952690588,7.662652934624664
51.77671068427371,9.598567559493814,10.025962495642672
51.81272509003601,9.524908397422942,11.653716884806808
51.84873949579832,9.474399356352714,8.801824524235197
51.88475390156062,9.644508767149969,9.837841603757353
51.92076830732292,9.553322179794103,13.692284412157994
51.95678271308523,9.523009358049908,7.921763059986676
51.992797118847534,9.311354771706895,7.409127519881554
52.02881152460984,9.291845426725484,8.419803264781311
52.06482593037215,9.188831871856987,6.387683697199512
52.10084033613445,8.856214090918144,6.3668085686283415
52.13685474189676,8.672255562190385,8.434714265788255
52.17286914765906,8.546152078272035,5.648289042642213
52.208883553421366,8.599826214536998,9.649574273253224
52.24489795918367,8.819007376916993,9.614576419179611
52.280912364945976,8.990063625322646,11.500885779033656
52.31692677070828,8.933181436288848,12.819076955795008
52.35294117647059,9.134543398785901,8.9525575024606
52.38895558223289,9.266176334994485,7.5148225430217135
52.4249699879952,9.554422898211993,12.050515286487302
52.4609843937575,9.7768933956052,11.651227580902988
52.49699879951981,9.899349853320874,7.46617348985173
52.53301320528211,9.951563080690317,8.920337535642116
52.56902761104442,10.317180182640158,6.003475844672639
52.60504201680672,10.388460696579871,9.945892675735232
52.64105642256902,10.427726802165477,6.411873381965466
52.67707082833133,10.718770228185088,10.14954867526783
52.71308523409363,10.611149547176215,14.557293497676
52.74909963985594,10.396455539371408,15.021108486168306
52.78511404561824,10.320552328040044,11.24977671220989
52.82112845138055,10.226414435982754,12.505977333663235
52.85714285714285,10.066344741366503,7.50179317434233
52.89315726290516,9.91732005470011,10.262768447758605
52.929171668667465,9.722495273383336,13.523705420800413
52.96518607442977,9.59361866011241,10.565027216113748
53.00120048019208,9.56768853840761,8.296815358430667
53.03721488595438,9.433874176143497,6.054402908882976
53.073229291716686,9.250234488260078,8.947820911931679
53.10924369747899,9.216946488852939,8.350315431724894
53.1452581032413,9.129839751659754,10.991419092143705
53.1812725090036,9.090047397476631,8.231501222879977
53.21728691476591,8.797442108989841,9.519050741801356
53.25330132052821,8.591734439458058,9.213837626339274
53.28931572629051,8.233217339768128,2.9751094369817146
53.32533013205282,8.081659323520567,8.603788046916133
53.36134453781512,8.123802020055486,10.193510151408166
53.39735894357743,8.40958960200536,8.378610455663846
53.43337334933973,8.340709860054455,4.421798589614127
53.46938775510204,8.485347233734824,8.57749498762462
53.50540216086434,8.507659257148397,8.006204460698957
53.54141656662665,8.53560740934131,11.356165280063742
53.57743097238895,8.829192921667094,12.673083299298268
53.613445378151255,9.122499016758129,6.964833429064077
53.64945978391357,9.21120295309552,7.042590921415071
53.685474189675865,9.336858242532143,13.065417904858547
53.721488595438174,9.407538734616509,10.59729622268084
53.75750300120048,9.575911296855265,7.666592388698572
53.79351740696279,9.779331918654037,7.153440105076052
53.82953181272509,10.004701867640492,9.263069213265789
53.8655462184874,10.185284559268656,11.011020924005347
53.9015606242497,10.288733653949466,11.137486898366872
53.937575030012,10.150515395546508,10.020621153811636
53.97358943577431,10.16758542580996,11.024693506333652
54.00960384153661,10.150820493225744,7.29080486100304
54.04561824729892,10.004229480240427,13.122615825529468
54.08163265306122,9.74572128426001,10.966592320466468
54.11764705882353,9.778056144824154,9.266914026263311
54.15366146458583,9.807924831588796,12.198426403113228
54.18967587034814,9.868627948839366,10.63104539634334
54.22569027611044,10.150747855580454,8.572933173665849
54.26170468187274,10.081053306185337,11.3215594178747
54.29771908763505,10.038900233502648,7.689564989020174
54.33373349339736,10.335328915027588,11.39772964508008
54.36974789915966,10.407934812460802,8.480741160329174
54.40576230492197,10.459062228301647,10.398535735469974
54.44177671068427,10.477996651555715,7.000817681949874
54.477791116446575,10.332609280272106,8.774979874023295
54.51380552220888,10.394384592859762,10.3300165615069
54.54981992797119,10.454693271977817,8.817022178851808
54.58583433373349,10.463544290153422,9.71535977659467
54.6218487394958,10.443232912166332,12.480717096948654
54.6578631452581,10.370907682003152,14.702913761763243
54.69387755102041,10.363101173816435,13.6053328456181
54.72989195678271,10.335543326332457,10.593773933161664
54.76590636254502,10.311002063385445,9.542782158086958
54.80192076830732,10.174200091932931,12.247486232581135
54.83793517406963,10.207419542954854,9.093437190386265
54.87394957983193,9.985446272204669,11.510002920402073
54.90996398559424,10.068180129660528,10.21850329628338
54.94597839135654,9.93918554778282,7.988464093586725
54.98199279711884,10.072310134254076,10.979680830068135
55.01800720288115,10.058060945651691,8.06204898057868
55.05402160864345,10.073721034855359,6.706450537323827
55.09003601440576,9.909694549441975,11.796739633289564
55.12605042016806,9.704615282019278,8.721485881119493
55.16206482593037,9.729411164822409,8.719409488845685
55.198079231692674,9.664135778139402,8.49765305663439
55.23409363745498,9.373688515586611,10.083461464375812
55.27010804321728,9.299830061945226,6.853690066977976
55.30612244897959,9.528614504521022,10.916363645695338
55.342136854741895,9.722278429329137,9.93846280696754
55.3781512605042,9.663531197374365,7.934664512155763
55.414165666266506,9.62074862287259,14.0048551817444
55.45018007202881,9.626593021017053,9.418611648391249
55.48619447779112,9.501713779761154,13.63432168126325
55.52220888355342,9.478700160636734,9.763534575859415
55.55822328931573,9.705433874796151,10.98791872831417
55.59423769507803,9.676699371725707,8.340820550265597
55.63025210084033,9.877513406857819,8.3300860950677
55.66626650660264,9.757091149193393,9.006113834934547
55.70228091236494,9.548361627399022,9.145646620161578
55.73829531812725,9.696207262125812,11.310487597853712
55.77430972388955,9.797955824364793,7.131686251785508
55.81032412965186,9.655312523162237,6.690830728320121
55.84633853541416,9.782018649549045,12.498105320553549
55.88235294117647,9.808835601125098,11.042668905389297
55.91836734693877,9.681287773853745,7.003774584559639
55.95438175270108,9.700260732714844,7.2010649129139015
55.99039615846338,9.754638083805782,10.535231088888468
56.026410564225685,9.78837885664104,9.347251286894364
56.062424969988,9.931237862813955,11.540170698998658
56.098439375750296,10.002572515482541,12.407906954023606
56.134453781512605,10.272568185112616,13.59696654039664
56.170468187274906,10.321447366999303,7.014756950342584
56.206482593037215,10.442522353865245,10.26425293662606
56.24249699879952,10.343879070529557,7.674972962312459
56.27851140456182,10.386077520610776,12.273941801827558
56.31452581032413,10.257664939893102,13.14592298276182
56.35054021608643,10.330161572723005,10.315406270772815
56.38655462184874,10.532621988134492,8.253758461841588
56.42256902761104,10.514206246042392,13.939975202423213
56.45858343337335,10.280958359573452,7.258463050972946
56.49459783913565,10.281383623349832,10.68081808056829
56.53061224489796,10.383146459324404,10.809815935658197
56.56662665066026,10.25507775538645,11.427975374991307
56.60264105642256,10.112639909100748,9.874466019901371
56.63865546218487,9.96759591373645,7.629178060439442
56.67466986794717,9.93042038852168,11.23071154197326
56.71068427370948,10.00783857301033,8.775566174530189
56.74669867947178,10.094213811762113,8.428697609871037
56.78271308523409,10.306336105694394,10.021273295144098
56.8187274909964,10.057436954659002,9.72446905375981
56.8547418967587,10.0361887212518,12.479984705918325
56.890756302521005,9.944433834675971,8.975591005862444
56.926770708283314,10.062121314956524,13.611038163964071
56.962785114045616,10.080187472523193,9.18208575772281
56.99879951980792,10.094912239789291,7.941384295346017
57.03481392557023,10.080735909344913,8.089981774474936
57.07082833133253,10.325237013190984,11.698447273221092
57.10684273709484,10.219885379925154,12.48064975997648
57.14285714285714,10.12206467559301,9.34763920792391
57.17887154861945,10.196067955249571,10.22088845141368
57.21488595438175,10.309503945595981,9.81121520979515
57.25090036014406,10.473395787544607,13.140919560919055
57.28691476590636,10.41572440169925,9.62846649557567
57.32292917166866,10.419743837108749,8.872799805602062
57.35894357743097,10.358886850554816,9.729601548633855
57.39495798319327,10.387791263331646,8.485634243528667
57.43097238895558,10.335875355340109,12.80382513117529
57.46698679471788,10.198607928775163,10.772503254158288
57.50300120048019,10.266338378129525,9.405372781776409
57.539015606242494,10.26675751589347,8.712085679657601
57.5750300120048,10.333199044896055,12.756777363925153
57.611044417767104,10.362786165896015,10.91121441115906
57.647058823529406,10.461274092529372,9.217812155680155
57.68307322929172,10.233310356781608,8.818762725474162
57.71908763505402,10.19813273294693,10.219836940369362
57.755102040816325,10.338107516651434,13.625452684931844
57.79111644657863,10.12365417806183,10.420962134983489
57.827130852340936,10.123117107648683,10.427592036306793
57.86314525810324,10.088258498758206,7.471407852830534
57.89915966386555,10.250233423068966,9.48383283516242
57.93517406962785,10.418350279695472,11.526682013658297
57.97118847539015,10.281496498498765,10.785274392157875
58.00720288115246,10.268992745671916,7.581383764558797
58.04321728691476,10.184589945735265,10.401084406509778
58.07923169267707,10.35386590900517,12.28264692430008
58.11524609843937,10.370693590136648,10.871604669888956
58.15126050420168,10.19241856369302,8.948620647362748
58.18727490996398,10.09266685861185,12.467773232067636
58.22328931572629,10.024556231288262,9.418165808759186
58.25930372148859,10.004862177470027,5.2771732047878
58.295318127250894,10.017195196079092,11.918981191800876
58.3313325330132,9.874142704174268,11.336880249593742
58.36734693877551,9.80262801255762,8.477428339597555
58.40336134453781,9.964977896417375,14.080085229468189
58.43937575030012,9.99832927612522,10.412284624861432
58.47539015606242,9.960149038887778,10.803750305902636
58.511404561824726,9.919555885659532,9.912766702047085
58.54741896758704,10.006816626457779,5.925993041748695
58.58343337334934,10.143168135685018,11.58785468649806
58.61944777911164,10.116969520772361,9.388591306170438
58.65546218487395,10.090823897256767,9.248431628996808
58.69147659063625,9.966149094793996,7.256929349161493
58.72749099639856,10.01469485465158,8.644615992749792
58.76350540216086,10.125931726521847,11.89438891392941
58.79951980792317,10.000959324159547,9.23598261976314
58.83553421368547,10.03039215774457,13.029946274896217
58.87154861944778,10.09434029568979,11.121669491627411
58.90756302521008,9.89823188403587,8.610004277372084
58.94357743097239,10.117655077994423,11.49571321414595
58.97959183673469,10.114474267371694,11.42945296321821
59.01560624249699,10.084959203586049,10.072177686278376
59.0516206482593,10.405933739658273,10.44988759131692
59.0876350540216,10.589116347179987,12.615146741740276
59.12364945978391,10.674333695096193,9.649252180593004
59.15966386554621,10.870486131612036,7.78021237565771
59.19567827130852,10.510641873279353,8.156433072008332
59.231692677070825,9.864517787993096,11.40108502169458
59.267707082833134,6.666577711857194,7.798204238475263
59.30372148859544,0.0,12.614896329147662
59.33973589435774,0.0,11.340005926149576
59.375750300120046,0.0,8.882132369449183
59.41176470588235,0.0,12.56209100051112
59.44777911164466,0.0,13.463364385992213
59.48379351740696,3.7717404703242865,10.299509784860724
59.51980792316927,25.900069293434978,11.553766895105674
59.55582232893157,46.560203425127526,7.862211308697385
59.59183673469388,65.54861816630765,12.82348840960968
59.62785114045618,82.77263639544849,10.88069241745935
59.66386554621848,98.38718960325195,8.401117403284507
59.69987995198079,112.36964609706365,7.894587389238935
59.73589435774309,124.85086826823608,10.382380128566522
59.7719087635054,135.23249018181997,6.488992219927042
59.8079231692677,144.08518546966806,14.94612623491255
59.84393757503001,151.15813801708458,30.28391473176092
59.87995198079231,156.64297680394893,102.88338871420922
59.91596638655462,160.27924331231807,315.7917389160732
59.95198079231693,162.60332492335996,601.5082484970912
59.987995198079226,163.15813789594733,690.1004636100217
60.024009603841534,161.88351379983695,476.9872907346178
60.06002400960384,159.06729564005735,201.88182243281636
60.09603841536615,154.59552404304728,57.79518935457377
60.13205282112845,148.26407528227583,15.62103061617055
60.16806722689076,140.56064182891075,8.427176564592537
60.20408163265306,130.76061434892,10.697197081912522
60.240096038415366,119.60571414853797,13.261136298067973
60.27611044417767,106.5941985228197,10.719382971100542
60.31212484993997,91.82904123122849,9.793692118111002
60.34813925570228,75.27466425951813,7.548261953624526
60.38415366146458,57.25003258136214,14.683817782582672
60.42016806722689,37.3387127617624,9.170108599650948
60.45618247298919,15.777453464980802,10.93937981658305
60.4921968787515,0.0,12.01619643141695
60.5282112845138,0.0,12.423547064353787
60.56422569027611,0.0,8.423038381099806
60.60024009603841,0.0,8.993601809752505
60.63625450180072,0.0,9.423386739191422
60.67226890756302,1.6101970731221682,9.577119335103022
60.708283313325325,8.078810109873412,10.432899715314624
60.74429771908763,9.736414212884496,12.02304859088251
60.780312124849935,9.87277838326515,5.783878131750288
60.81632653061224,9.729370572614528,10.96609534140276
60.85234093637455,9.614932880477387,8.09329042154438
60.888355342136855,9.603287665401373,10.346519704492612
60.92436974789916,9.372879078812577,9.21992076202793
60.96038415366146,9.227297265149025,10.469441084770535
60.99639855942377,9.093745126023844,7.297801583096647
61.03241296518607,9.158882872849246,6.6968001270130095
61.06842737094838,9.060773061017262,14.658934981535516
61.10444177671068,9.06956041401046,9.51858695831927
61.14045618247299,9.262679038245018,10.83003569764526
61.17647058823529,9.32042208893314,5.923307324992341
61.2124849939976,9.216853103593058,11.869321443798563
61.2484993997599,9.29667725391113,7.89342242670405
61.28451380552221,9.222971647234255,9.72175698301854
61.32052821128451,9.297101579511414,8.113920472635646
61.35654261704681,9.307459174572122,8.105306398564373
61.39255702280912,9.541396590441622,8.214004101015433
61.42857142857142,9.276679096902585,7.601220379542156
61.46458583433373,9.278482445037065,8.687623335126883
61.500600240096034,9.149012179048666,9.324206580477362
61.53661464585834,9.195262401855585,12.973520759652732
61.572629051620645,9.22652837171429,10.908312368633924
61.60864345738296,9.290386286860452,8.037544054001746
61.644657863145255,9.464413230170626,10.916076661670584
61.68067226890756,9.32914772344352,10.10807230475758
61.716686674669866,9.61592655591068,9.595606070138638
61.75270108043217,9.67233862776989,6.514075779072291
61.78871548619448,9.727588697958472,10.60638210147401
61.82472989195678,9.594645687361004,11.055414608693596
61.86074429771909,9.602624521957573,7.063739598709228
61.89675870348139,9.602273252703622,10.877184695303018
61.9327731092437,9.709294832579154,7.571337829268034
61.968787515006,9.695026731786548,9.902482641638098
62.0048019207683,9.49085157885713,6.525191167274828
62.04081632653061,9.427234715508916,11.720723289688571
62.07683073229291,9.087313980982552,11.020993663024196
62.11284513805522,9.076908963153931,11.813286402989204
62.14885954381752,9.057058350945473,10.388119781604791
62.18487394957983,9.02164057139638,9.881636434223838
62.22088835534213,9.112669019313964,10.701445401480614
62.25690276110444,9.112986449419713,4.223246187755492
62.29291716686674,9.293544055339034,9.344310386503151
62.328931572629045,9.31725384429042,7.583799094955982
62.36494597839136,9.342040119850955,8.169094879201596
62.400960384153656,9.261569337396264,9.676648451281116
62.436974789915965,9.342896016783962,8.90719158631078
62.47298919567827,9.559473235776505,11.770432811704508
62.509003601440575,9.421867990181305,8.371548376411534
62.54501800720288,9.396411280850051,7.125730746500088
62.58103241296519,9.523594916405061,7.716220316521746
62.61704681872749,9.718335768104616,11.957560485588996
62.65306122448979,9.700194066767592,8.769347457452291
62.6890756302521,9.951329272580532,14.835928791888676
62.7250900360144,10.257152640949402,8.490948957432975
62.76110444177671,10.476568703079414,8.952780505515017
62.79711884753901,10.457573098268862,13.962128157584967
62.83313325330132,10.518364662398959,10.382630299450607
62.86914765906362,10.683528793618281,9.728377819691795
62.90516206482593,10.65663438610024,8.218579541653146
62.94117647058823,10.736643450746275,11.399475297623752
62.97719087635053,10.82062763606588,11.47520734227582
63.01320528211284,10.75036437246506,10.818827295120917
63.04921968787514,10.80303967088067,11.18864739862371
63.08523409363745,10.836198451957474,8.891779787661624
63.12124849939976,11.000885290071004,13.315406428942534
63.157262905162064,10.861860245320251,15.574618666751311
63.193277310924366,10.644890554534149,9.18624118913074
63.229291716686674,10.506249757340893,9.355015274210688
63.265306122448976,10.567078130199631,10.328323986449048
63.301320528211285,10.464110698180432,8.838763696061509
63.33733493397359,10.724221444996811,6.572332806584498
63.37334933973589,10.767309948318784,9.200229937868556
63.4093637454982,10.844656735730778,14.159740666287137
63.4453781512605,11.017031628436698,12.857671724972324
63.48139255702281,10.859364908886162,12.0023972858063
63.51740696278511,10.666045051339086,9.391337571719982
63.55342136854742,10.642514366062013,11.047829197540503
63.58943577430972,10.79353525412388,8.532926653841832
63.62545018007203,10.807207438874695,11.97502066580983
63.66146458583433,10.910389589015745,10.42955114657152
63.69747899159663,10.825328697323076,9.668873200181132
63.73349339735894,10.614566131613309,9.148283108751672
63.76950780312124,10.654944080861402,12.858571899709665
63.80552220888355,10.85907053401236,13.36275690764379
63.841536614645854,10.82633350553881,11.731812027494424
63.87755102040816,10.742664297178534,11.272588996940527
63.913565426170464,10.65048601344761,11.98846802011528
63.94957983193277,10.441875904470889,9.931526744795692
63.98559423769508,10.102136652034554,8.421809039884923
64.02160864345737,9.923672897516745,6.593562199122277
64.05762304921969,9.943506896062194,8.77233661763722
64.09363745498199,9.921770679094926,13.464328859226892
64.1296518607443,9.995667163456128,14.41911128390845
64.1656662665066,9.934984358127911,8.70289181423692
64.2016806722689,9.91110487718967,6.699402030373388
64.23769507803121,9.821352333328488,9.455639764716436
64.27370948379351,9.751533004280287,6.093532519721977
64.30972388955581,9.539395704165104,10.34890248201063
64.34573829531811,9.453062778647752,10.915299836085214
64.38175270108043,9.306240087747167,9.6508695044382
64.41776710684273,9.243026662497044,8.978902421405946
64.45378151260505,9.15052621816002,8.252365695248411
64.48979591836735,9.130454607377091,8.899531477805573
64.52581032412965,9.29407728277817,9.752407551766929
64.56182472989195,9.178576244604908,10.853965756518576
64.59783913565425,9.17175912619135,11.150923357491932
64.63385354141656,9.057416780567081,9.336071775068318
64.66986794717886,8.913723853534467,9.893695357279377
64.70588235294117,8.962711912673576,10.495234965991736
64.74189675870348,9.123300345811984,7.80259411824983
64.77791116446579,9.463439371993514,7.8867820967347
64.8139255702281,9.438905287774503,8.220186468047064
64.8499399759904,9.397753872387069,6.482839443324799
64.8859543817527,9.488977676206122,8.991354823748459
64.921968787515,9.451365049903558,11.26540861801893
64.9579831932773,9.276858116250445,7.576298274283787
64.9939975990396,9.272095009269105,7.797707977053874
65.03001200480192,9.195064310283879,9.691023627825764
65.06602641056422,9.148801852034262,12.278700787384793
65.10204081632654,9.110050536001397,10.324669250580564
65.13805522208884,9.321867755812493,5.767313172781581
65.17406962785114,9.413356482990434,13.702552861286796
65.21008403361344,9.580117048621473,10.318081412381929
65.24609843937574,9.868371942586371,11.684527946764463
65.28211284513804,9.846214348079693,10.408505814726908
65.31812725090036,9.794220837956441,7.376233225678026
65.35414165666266,9.801856975093765,9.621203636806792
65.39015606242496,9.77403021338581,7.429034549610263
65.42617046818728,9.942044358880846,10.75980187383011
65.46218487394958,9.948791962842536,8.81399944030596
65.49819927971188,10.065729189539683,7.836790667892985
65.53421368547419,10.162126084921647,6.380949288492388
65.57022809123649,10.255825297949448,13.682410486533634
65.60624249699879,10.030630356605663,11.566641401033188
65.6422569027611,10.00038771683773,13.016643768797014
65.6782713085234,10.025410434795145,12.473414299589145
65.71428571428571,10.267788961287557,12.016037849055945
65.75030012004802,10.360881546837597,6.366499966605836
65.78631452581033,10.122046355239105,9.387336521929011
65.82232893157263,10.262361709002775,8.75295952051953
65.85834333733493,10.334730612688649,5.994895360279239
65.89435774309723,10.49040666581763,11.359515634822175
65.93037214885953,10.55608168824152,13.451431066452573
65.96638655462185,10.445123389713943,13.998891940840515
66.00240096038415,10.61840515797557,13.040335718987048
66.03841536614645,10.51771878052006,8.229224657158927
66.07442977190877,10.631378149546164,11.811217319227376
66.11044417767107,10.604366213140727,6.5421737708952135
66.14645858343337,10.352834846750458,8.129906307238667
66.18247298919567,10.184852767132753,10.29806089108924
66.21848739495798,10.356671269854914,14.547984979316364
66.25450180072028,10.403166429177283,10.19521657882722
66.2905162064826,10.46870038081021,10.422424576968863
66.3265306122449,10.538938629006951,7.890040336402848
66.3625450180072,10.585982819695314,9.303779908517434
66.39855942376951,10.561920647361237,12.019136154944984
66.43457382953181,10.470309121730542,11.454408915076076
66.47058823529412,10.351298611726898,10.365933357814116
66.50660264105642,10.084452513219574,10.038903958775876
66.54261704681872,10.080663557574635,11.24496886330382
66.57863145258102,10.133812910389349,12.410931036734768
66.61464585834334,10.162549096166986,7.455319573641661
66.65066026410564,10.442970590224338,10.794525490033308
66.68667466986794,10.220186308179267,8.62931746430279
66.72268907563026,10.296040128752482,9.443403162321635
66.75870348139256,10.019672977030798,13.422249110509572
66.79471788715486,9.879244407783263,9.341463104934348
66.83073229291716,9.826790482376337,8.115921561575561
66.86674669867946,9.837334034360254,9.019789604675946
66.90276110444177,9.863540170093296,10.423060193220568
66.93877551020408,9.733132300709915,10.554004103035968
66.97478991596638,9.584766797869127,11.451635238151423
67.01080432172868,9.582547084962865,6.885459368193795
67.046818727491,9.52789736963665,10.37167767536282
67.0828331332533,9.56374335741415,10.046028659995915
67.1188475390156,9.540888030443835,9.799417729579266
67.1548619447779,9.479177921360264,8.214202319588544
67.19087635054021,9.464521264871191,9.144707129197077
67.22689075630251,9.44572851166787,11.296975189371617
67.26290516206483,9.253620098756448,4.941135165299644
67.29891956782713,9.040964621093389,11.55129913179781
67.33493397358943,8.874401293576883,8.236651316276982
67.37094837935174,8.697105843698544,10.853329399244426
67.40696278511405,8.74461494326944,8.468502211604994
67.44297719087635,8.64785816405487,7.879897528154813
67.47899159663865,8.456925312683698,11.30622951866844
67.51500600240095,8.388533400279368,7.161264366653783
67.55102040816325,8.30530394015353,11.003116576496176
67.58703481392557,8.254907968917768,8.767554502830833
67.62304921968787,8.499994275509547,5.761738693259431
67.65906362545019,8.274594974944211,9.385763328250665
67.69507803121249,8.506072381454299,6.937534206545563
67.73109243697479,8.608004491185847,6.90411159237366
67.76710684273709,8.577572237250617,7.042789034083077
67.8031212484994,8.530615205322855,6.899273386227321
67.8391356542617,8.51650005164577,8.517890285019933
67.875150060024,8.84121140871618,7.546977550341145
67.91116446578631,8.742027435948854,11.532522520673815
67.94717887154862,8.949108937790287,8.805137220805236
67.98319327731093,9.035147758943662,9.952644383309286
68.01920768307323,9.475074184034046,9.599759319112632
68.05522208883554,9.665215514198898,9.747357283931455
68.09123649459784,9.708656878837221,11.03385811349952
68.12725090036014,9.98861571876634,9.273634748739704
68.16326530612244,10.068533345311373,11.596055133206333
68.19927971188474,10.187089824546877,12.150949758579497
68.23529411764706,10.405059273760678,6.837665232578324
68.27130852340936,10.569381051607769,13.5386923612941
68.30732292917168,10.714991167701285,6.523097483626319
68.34333733493398,10.856810231480413,9.156524612088836
68.37935174069628,10.91669533694292,12.75297748262289
68.41536614645858,10.944830136252666,12.496235078384334
68.45138055222088,10.960754949198801,13.565553945198127
68.48739495798318,10.946509153287,8.585458324217734
68.52340936374549,10.85380837311519,11.96903312259666
68.5594237695078,10.969577139243848,11.798696466356652
68.5954381752701,11.026496811653953,12.072219271089349
68.63145258103242,10.973020382747558,6.349127768467876
68.66746698679472,10.953050089040556,9.309140542226316
68.70348139255702,10.846678598653387,12.0542818129939
68.73949579831933,10.942948367386759,10.441881601348388
68.77551020408163,10.823014987712934,11.144326407603597
68.81152460984393,10.786319622200534,14.824921560896415
68.84753901560623,10.963454688997375,11.19502560932887
68.88355342136855,10.727182642962832,8.679013358778398
68.91956782713085,10.674809885352836,12.162284665826094
68.95558223289316,10.394611139946814,9.46122473056749
68.99159663865547,10.273806013725048,10.329089379757496
69.02761104441777,10.372598609309556,10.28388166619104
69.06362545018007,10.328435017032794,9.30536463206249
69.09963985594237,10.276389675805442,10.740127173539882
69.13565426170467,9.994089265230826,10.999682571900085
69.17166866746697,9.933052869348218,9.816312297377143
69.20768307322929,9.983037175597557,7.868371418913561
69.24369747899159,10.05607141578927,10.938464822819729
69.27971188475391,9.710167676479792,9.507722621019957
69.31572629051621,9.542775312920572,11.388921910610012
69.35174069627851,9.399693745047907,7.629709844693324
69.38775510204081,9.29898417136941,10.358960833600571
69.42376950780312,9.317820769253515,10.745950020033485
69.45978391356542,9.38692763020514,6.170416708134141
69.49579831932772,9.51209117550923,9.484774395239995
69.53181272509003,9.36711929760067,11.96797321670477
69.56782713085234,9.604668687160142,10.370088746507191
69.60384153661465,9.495173266687937,8.244723917162327
69.63985594237695,9.618190193023915,5.962973792590882
69.67587034813926,9.69059119652859,8.896672877286282
69.71188475390156,9.618333375158635,10.907168803568537
69.74789915966386,9.645325432329605,11.933802995645538
69.78391356542616,9.692010392666132,10.540800361771447
69.81992797118846,9.80298423598843,8.077056612779007
69.85594237695078,9.848381931744106,7.775110442468971
69.89195678271308,10.007472968725493,11.485465348378428
69.9279711884754,9.962804080814175,9.873782300716544
69.9639855942377,10.22735863712382,12.572409633522438
70.0,10.283882563613814,10.776424830992491
70.0360144057623,10.404346724645222,8.844411773147634
70.0720288115246,10.456680438604344,12.382663322871586
70.1080432172869,10.307392711200999,8.470191269351462
70.1440576230492,10.465168709852662,12.392947921493466
70.18007202881152,10.582486331488088,7.091164245788237
70.21608643457382,10.597500864094682,12.731720438126764
70.25210084033614,10.673645907973954,8.400437940308414
70.28811524609844,10.590701652656357,9.38063408052262
70.32412965186074,10.526518541072576,11.982383511971618
70.36014405762305,10.410549201655792,11.704116924913658
70.39615846338535,10.364937566429052,12.372565086190155
70.43217286914765,10.260372295529304,10.198258166439654
70.46818727490995,10.239544647393016,9.389521811007134
70.50420168067227,10.2159792780146,9.48297146467795
70.54021608643457,10.20863503148058,13.224544818543333
70.57623049219688,10.137333668018002,8.231409848657679
70.61224489795919,10.13046568093795,8.711876163534821
70.64825930372149,10.136577645209583,9.386589438824211
70.68427370948379,10.202668259126938,11.652503988033768
70.72028811524609,10.144908236289517,11.774703596700776
70.7563025210084,10.083582591735908,7.095760961972727
70.7923169267707,10.077849247003101,10.279006668538004
70.82833133253301,9.926399161464209,11.607127046443589
70.86434573829531,9.868640125739672,7.710797750247368
70.90036014405763,9.642682242169856,7.561883467864846
70.93637454981993,9.634147578713435,8.722866660098589
70.97238895558223,9.531141391129088,11.918400890664266
71.00840336134453,9.635431293152239,12.214972707902213
71.04441776710684,9.59492518589085,13.211894339937666
71.08043217286914,9.773351835492187,8.751632079058318
71.11644657863144,9.8173994285879,7.195040588601007
71.15246098439376,9.886631614374494,9.864084572526528
71.18847539015606,10.200365518577428,9.755391733885364
71.22448979591837,10.303525876182569,11.353789322929297
71.26050420168067,10.31124635506339,9.80333704995206
71.29651860744298,10.331864234992192,5.713074301429283
71.33253301320528,10.37235021980319,11.92898449324453
71.36854741896758,10.537289776785801,8.221024156197107
71.40456182472988,10.285565234343153,10.828172134619871
71.44057623049218,10.118922415078453,8.7784574264348
71.4765906362545,10.164509535271439,12.37024991684656
71.5126050420168,9.874585874485403,12.817524827098277
71.54861944777912,9.797722808904615,8.561979524799751
71.58463385354142,9.638324229911731,13.810019521077022
71.62064825930372,9.607547653338095,9.649169121691
71.65666266506602,9.643553750525763,14.815584673442196
71.69267707082832,9.966720743816508,8.27157950204517
71.72869147659063,9.958526081867003,10.224705123907215
71.76470588235293,10.009270973381508,9.437620272457842
71.80072028811524,9.914498594016806,7.361758636138214
71.83673469387755,10.112876689919347,6.596833762932349
71.87274909963986,10.033014584409104,8.135976868223967
71.90876350540216,10.14741387586109,7.691183807409844
71.94477791116446,9.985635548141058,9.28522959753255
71.98079231692677,10.091729059939158,6.527597771271132
72.01680672268907,9.951615018710472,11.20233082183897
72.05282112845137,9.952651726138868,12.729235813921605
72.08883553421367,9.758323060507534,9.870524582248578
72.12484993997599,9.799565723848753,14.358955522848216
72.16086434573829,9.926629858570992,9.10717758278643
72.1968787515006,9.853809984342101,11.755116331800687
72.23289315726291,10.10613184151277,12.620080478412207
72.26890756302521,10.197214021451654,12.626145155878875
72.30492196878751,10.39324032631015,7.711580675462447
72.34093637454981,10.438833757983783,11.024041015774282
72.37695078031211,10.467614482915797,7.249096826063692
72.41296518607442,10.468178983880666,12.848300164489538
72.44897959183673,10.467714688985295,5.598128683543403
72.48499399759903,10.294635190820768,13.676207457417224
72.52100840336135,10.067708298472272,7.977264375823447
72.55702280912365,9.82827896031348,9.220619703727849
72.59303721488595,9.789624770375868,8.49801061001308
72.62905162064826,9.472754327726795,10.317479917836218
72.66506602641056,9.66087687283747,9.428903109292186
72.70108043217286,9.726147640398077,12.01502389573443
72.73709483793516,9.652710250577046,10.602643998778294
72.77310924369748,9.856515800566001,9.799476460864575
72.80912364945978,9.758714763603244,10.38208777092447
72.8451380552221,9.869692805742506,8.201563214507509
72.8811524609844,9.928531916774313,7.738752640748606
72.9171668667467,10.195658317200092,11.016932969474198
72.953181272509,10.1144376110558,8.464072324238241
72.9891956782713,10.174641011165926,10.600960221699658
73.0252100840336,10.056138518868476,10.745546897652789
73.0612244897959,10.230279931179588,8.202990694608689
73.09723889555822,10.118738651801706,10.488467589169682
73.13325330132052,10.236614595557606,13.067680494980968
73.16926770708284,10.190156899469331,13.161532323746876
73.20528211284514,10.252455302309437,9.996001926108574
73.24129651860744,10.180202660161273,13.424951854921504
73.27731092436974,10.267847663695857,5.711182096251067
73.31332533013205,10.169183675735315,9.841741163453662
73.34933973589435,10.341327652007784,10.490703795580922
73.38535414165665,10.275595090964256,8.955783417403437
73.42136854741896,10.25424557062765,11.15048564357014
73.45738295318127,10.448923602296388,9.04146758364904
73.49339735894358,10.283091629353772,11.827891792700688
73.52941176470588,10.184293722064888,7.66987852305261
73.56542617046819,10.2380779593393,10.695627251912985
73.60144057623049,10.333377311252073,10.778997761076855
73.63745498199279,10.495912458471896,11.192912356490272
73.67346938775509,10.421917166184523,10.182640435764569
73.70948379351739,10.228386295533205,9.238412949934744
73.74549819927971,10.042539887566228,12.020963836525905
73.78151260504201,10.080066174802791,10.714305074476112
73.81752701080433,10.181176659392897,8.909392000756068
73.85354141656663,10.23270783433535,10.870912541062932
73.88955582232893,10.519415180133523,8.638758841816323
73.92557022809123,10.387919510796241,12.036386523353126
73.96158463385353,10.53600171352922,8.509943075271178
73.99759903961584,10.587721288772613,13.138346382026691
74.03361344537815,10.489303286446553,11.98064300763216
74.06962785114045,10.55644710331483,7.34597446573351
74.10564225690275,10.53592014082121,13.30135156275836
74.14165666266506,10.523530333348841,11.163525932522726
74.17767106842737,10.336023379406768,10.77177066547498
74.21368547418967,10.254223718167388,6.574151848084615
74.24969987995198,10.300931088042503,5.725145584089973
74.28571428571428,10.296782753103594,10.938070548203598
74.3217286914766,10.364254883576152,11.188847897895998
74.3577430972389,10.19644499733831,13.619431898183308
74.3937575030012,10.34537992478963,12.125808620404923
74.4297719087635,10.330746982683412,12.011683862251264
74.4657863145258,10.201556849391878,10.626004509480069
74.50180072028812,10.06563761063116,8.817628409681102
74.53781512605042,9.756187262668508,10.425404239187758
74.57382953181272,9.697444153147334,6.864587771933331
74.60984393757502,9.576905251783069,9.056018674524005
74.64585834333734,9.652541390681774,10.759135424519464
74.68187274909964,9.803542650985731,8.932304502073254
74.71788715486194,9.554192889521817,8.371273380535822
74.75390156062424,9.732996464703918,10.871142306490228
74.78991596638654,9.90199183873817,10.83916799513622
74.82593037214886,9.939858419971829,11.34677669049464
74.86194477791116,9.791617528132479,8.480430637235468
74.89795918367346,9.582360777320595,10.014386888818825
74.93397358943577,9.49921822088955,7.015741790389375
74.96998799519808,9.3686704294856,11.11627018373909
75.00600240096038,9.552140959857843,6.296111234755614
75.04201680672269,9.529784272389659,8.422935060305784
75.07803121248499,9.621394041665752,8.879328377783507
75.11404561824729,9.757924590187928,10.9950047038256
75.1500600240096,9.849526914773605,13.376230429015882
75.1860744297719,9.814054331905057,11.767255277650476
75.22208883553421,9.767187550133743,9.968297489009986
75.25810324129651,9.64247466781225,10.274517739642231
75.29411764705883,9.669521317486199,7.82600637331694
75.33013205282113,9.763916902154795,12.465996396126014
75.36614645858343,9.667171352882626,8.75842683259572
75.40216086434573,9.630572054132452,6.922137864278804
75.43817527010803,9.67698670547681,9.44691540988256
75.47418967587035,9.796073125233535,9.119754841647314
75.51020408163265,9.84098231768346,8.32829912143424
75.54621848739495,9.859669692176745,9.966308667758373
75.58223289315725,9.638763770321788,11.96800316926598
75.61824729891957,9.683638844005511,7.852872918356454
75.65426170468187,9.575660645736988,12.08878810551107
75.69027611044417,9.542183434254547,10.44325983457272
75.72629051620648,9.35241360904267,8.414015192670924
75.76230492196878,9.336448065730542,7.156080079700434
75.7983193277311,9.51726430208177,11.6779656752089
75.8343337334934,9.647034952588571,8.205103272760958
75.8703481392557,9.778644084929672,11.827199739180749
75.906362545018,9.938019736515074,10.478914376137444
75.94237695078031,9.865957896494935,6.830957505045783
75.97839135654262,10.119489103354262,10.067420895553868
76.01440576230492,10.198581218613489,11.45438260733956
76.05042016806722,10.156454374945787,10.130599588741616
76.08643457382952,10.225587750642788,9.368330553294587
76.12244897959184,10.158642644283027,8.028774884509911
76.15846338535414,10.123281065209344,9.868710636711686
76.19447779111644,10.16979375639262,12.551346812801798
76.23049219687874,10.294248697077698,10.841946180478674
76.26650660264106,10.170592605073653,9.347304140883589
76.30252100840336,10.201995802135784,8.817558640506494
76.33853541416566,10.096009181972397,12.812215911477612
76.37454981992796,9.908029837224074,11.511135785525754
76.41056422569027,9.758385931586188,10.203918909871993
76.44657863145258,9.775499168160033,10.68621769577129
76.48259303721488,9.64528835445511,9.135847303213104
76.51860744297718,9.65652997743874,8.594543840297632
76.55462184873949,9.682639068457638,11.33249224230409
76.5906362545018,9.580595025778726,8.509651020062327
76.6266506602641,9.41494370205518,8.74019600483716
76.6626650660264,9.466730329298304,8.874325223515138
76.69867947178871,9.539699480191135,7.941719659509468
76.73469387755101,9.478111181700221,10.441139402327853
76.77070828331333,9.188315644231604,8.493943037222412
76.80672268907563,9.005432722134636,7.513795715046603
76.84273709483793,9.155846713508867,7.38844607829529
76.87875150060023,9.194403709505004,8.62418948340504
76.91476590636255,8.951357796284967,9.132693960275084
76.95078031212485,8.834609908504449,11.328920313550968
76.98679471788715,8.942596131765749,11.68543334517377
77.02280912364945,9.069471727893088,9.206176857240212
77.05882352941175,9.19044254812409,9.680210709172249
77.09483793517407,9.255382982076622,9.67705175319965
77.13085234093637,9.319778131084833,10.149483337826355
77.16686674669867,9.460546687078672,8.808172546128002
77.20288115246098,9.645501784847221,7.403769884637675
77.23889555822329,9.672985461417158,11.738762546750364
77.27490996398559,9.732782935662257,8.506714266730054
77.3109243697479,9.782400904370974,6.40457422654984
77.3469387755102,9.923373641896893,8.186873512794435
77.38295318127251,10.044204128256462,12.08759820400902
77.41896758703481,10.105451585067204,11.952369276808994
77.45498199279712,10.215255044661001,7.357028947222633
77.49099639855942,10.24057971121242,8.388271017328393
77.52701080432172,10.279891667370059,14.106757096060315
77.56302521008404,10.273207153664625,11.414924292590095
77.59903961584634,10.208112026330246,10.97438552161788
77.63505402160864,10.322060658565027,10.249195134500484
77.67106842737094,10.366948593069585,9.53707402920683
77.70708283313326,10.52982724880773,11.903273249871493
77.74309723889556,10.468975752507273,10.98720901342852
77.77911164465786,10.490439464476093,8.48691676149203
77.81512605042016,10.56684429654475,10.215058177469446
77.85114045618246,10.421077316911099,11.481310645537732
77.88715486194478,10.364308720767124,11.12051847807698
77.92316926770708,10.281535634576262,11.68953755868424
77.95918367346938,10.101434837103897,8.278686447302539
77.99519807923168,9.886373865672926,10.999491120565317
78.031212484994,9.890646318191687,10.58358844500195
78.0672268907563,9.860632990898512,7.714951253182987
78.1032412965186,9.605752688237931,8.294144731924902
78.1392557022809,9.522712456368668,8.162286594968371
78.17527010804321,9.441695999783459,9.05508496918366
78.21128451380552,9.463677520948192,12.995822824287098
78.24729891956783,9.491280663389531,10.083234353689614
78.28331332533013,9.528255563927962,9.271802720357172
78.31932773109243,9.36404579907333,6.254100189171266
78.35534213685474,9.435545739416092,11.042205199909024
78.39135654261705,9.306353535742744,9.766745849988853
78.42737094837935,9.123247178672463,6.5560223170557705
78.46338535414165,9.048738190925766,9.271502618474775
78.49939975990395,8.851861437600544,11.632696445712371
78.53541416566627,8.748542672791189,9.242904378737164
78.57142857142857,8.976887053378197,8.404515374736214
78.60744297719087,8.931021637887287,10.042912891754822
78.64345738295317,9.11986954217476,8.739837500196112
78.67947178871549,9.286197695605562,9.829937105450393
78.71548619447779,9.360048078533799,10.48006986446105
78.75150060024009,9.465168651429643,6.552084859133167
78.7875150060024,9.457437768086347,12.521064845250638
78.8235294117647,9.62433545758525,8.471733838077045
78.85954381752701,10.028029739912675,7.868452339409304
78.89555822328931,10.066579117032642,6.497860233690931
78.93157262905162,10.182912153478126,10.201729056951931
78.96758703481392,10.32626582206201,7.196143676528259
79.00360144057623,10.613154768790706,11.47141407162603
79.03961584633853,10.859356010554285,10.781635708997298
79.07563025210084,10.91871220220069,10.236559392516192
79.11164465786314,10.926485274451773,15.699459963462324
79.14765906362544,10.840351431998284,15.320969516978238
79.18367346938776,11.004032715863097,9.43200630496366
79.21968787515006,10.871872782844083,12.8695514184674
79.25570228091236,10.878166646702883,10.662602274190732
79.29171668667466,10.723372558211661,11.395943718943736
79.32773109243698,10.827311376698235,10.840853074297122
79.36374549819928,11.128542300936065,10.343762192745125
79.39975990396158,10.943595656934331,12.776624614752196
79.43577430972388,10.97734140114296,9.49303416322928
79.47178871548618,10.861830829580292,7.78965186490681
79.5078031212485,10.830826906321853,14.041510408601813
79.5438175270108,10.625180167148537,12.172886674016723
79.5798319327731,10.368919364526498,7.79307042459719
79.6158463385354,10.190206792680243,8.18176947944031
79.65186074429772,10.167674018124268,7.237354362957296
79.68787515006002,10.116140347670923,6.971606943979268
79.72388955582232,10.01060912456084,9.78687624765868
79.75990396158463,10.10343776225203,15.095642743442257
79.79591836734693,10.260044084877041,7.281966124735708
79.83193277310924,10.346728782428068,12.910549590746356
79.86794717887155,10.455287328203315,11.622224234662134
79.90396158463385,10.557906492982287,14.5850092531143
79.93997599039615,10.697165841425777,9.847133947346334
79.97599039615847,10.746137915912259,4.9717488017187135
80.01200480192077,10.644483623554112,11.144228733057895
80.04801920768307,10.712877545310965,12.13405531718057
80.08403361344537,10.607903289894253,12.02580975169698
80.12004801920767,10.381478753313061,8.753743583699425
80.15606242496999,10.393861739278467,10.150476671260794
80.19207683073229,10.457205717237116,14.896840367986696
80.22809123649459,10.403617291663151,9.964077912192254
80.2641056422569,10.206118217105143,9.920415326658244
80.30012004801921,10.155283271029443,9.694008521237338
80.33613445378151,9.798803506923946,10.051591832195076
80.37214885954381,9.64292917886389,11.541400137070603
80.40816326530611,9.780530782977793,11.267818028141376
80.44417767106842,9.651250974835097,7.125113068046225
80.48019207683073,9.64839338013987,9.64232446771677
80.51620648259303,9.667901247134651,7.429374212727096
80.55222088835534,9.870040381955967,6.5787881078092685
80.58823529411764,9.87783068290514,7.489504305075536
80.62424969987995,9.444632026511854,10.28668294749356
80.66026410564226,9.426180078788224,9.096804614980476
80.69627851140456,9.471926968641245,10.042571243590904
80.73229291716686,9.57210108342645,10.90633287833204
80.76830732292916,9.470538433699987,12.30524881574962
80.80432172869148,9.45898830265803,10.5288294051083
80.84033613445378,9.589669894649914,8.76155981191309
80.87635054021608,9.6284036067039,12.015400917622376
80.91236494597838,9.686484989510088,6.789490595802191
80.9483793517407,9.839012088116286,12.633496979245836
80.984393757503,9.990122446525532,10.663102425483682
81.0204081632653,10.319333622957963,9.770509250804338
81.0564225690276,10.491658207410405,8.088701167122045
81.0924369747899,10.470827461435361,10.530986867643774
81.12845138055222,10.584000389739144,9.291263587533985
81.16446578631452,10.572042222303203,8.594050307465096
81.20048019207682,10.478082729596533,8.678848361571507
81.23649459783913,10.313954977375177,13.714618912325742
81.27250900360144,10.279644218986407,10.260490469815725
81.30852340936374,10.430864439348516,10.281168871631458
81.34453781512605,10.42376062918,9.473474428640325
81.38055222088835,10.496926201155695,11.109196648164035
81.41656662665065,10.483027668272971,10.50302988265152
81.45258103241297,10.315582453763282,13.203210326477912
81.48859543817527,10.267695219784976,11.834345853869625
81.52460984393757,10.303464369230277,11.848331186801822
81.56062424969987,10.175992584047645,9.54657122410268
81.59663865546219,10.142989146325151,9.773506197087746
81.63265306122449,10.180249646250688,6.863695166132409
81.66866746698679,10.079411174210225,10.261665891305473
81.70468187274909,9.904438604790181,10.541235752891534
81.74069627851141,9.999895129320949,9.516508852709086
81.77671068427371,9.960619725974171,9.682149564740063
81.81272509003601,9.830786824663589,9.776865075316037
81.84873949579831,9.69430717829567,11.586306671224705
81.88475390156061,9.698013214995434,11.335999697349036
81.92076830732293,9.665096872394534,5.098311295365306
81.95678271308523,9.743569752437889,8.594967153881232
81.99279711884753,9.643073285678089,7.045197447815932
82.02881152460984,9.608575295004176,10.568228762503356
82.06482593037215,9.566504243705447,13.32136334619327
82.10084033613445,9.710330833472696,8.989377144072245
82.13685474189676,9.740647067237223,10.285442333292128
82.17286914765906,9.823957481132238,8.493098866350897
82.20888355342136,9.98573680605904,12.128505825010263
82.24489795918367,9.995880751742298,9.163941581639817
82.28091236494598,9.965675090774454,11.64861566381338
82.31692677070828,10.061476281280497,11.848887047443194
82.35294117647058,10.14439718892719,7.681856325924291
82.3889555822329,10.173042092743176,9.02567289475334
82.4249699879952,10.091886974985613,9.939550085478595
82.4609843937575,10.013025163576518,9.677113790138112
82.4969987995198,10.072304478672487,11.967397911466112
82.5330132052821,10.204401476926263,10.185264672557892
82.56902761104442,10.022249978944297,7.302317807854268
82.60504201680672,9.893638131739245,10.257824052073936
82.64105642256902,9.663143803183242,10.554578110070503
82.67707082833132,9.584197384438255,10.502294512594494
82.71308523409364,9.732747745280612,9.414311071856051
82.74909963985594,9.662539815639798,11.592524241111544
82.78511404561824,9.690117418021735,11.39259448256022
82.82112845138055,9.587427338455203,7.369105269542086
82.85714285714285,9.68709227410488,10.865245239389257
82.89315726290516,9.612683805093917,8.395897431250576
82.92917166866746,9.680799441760758,8.024936003935563
82.96518607442977,9.877766690143298,8.294704401382457
83.00120048019207,9.799096550053159,8.169323046101251
83.03721488595438,9.915281905561297,10.77115945122281
83.07322929171669,9.826018631189552,11.15100442408117
83.10924369747899,9.683247955852615,10.28010494802182
83.14525810324129,9.698895375347961,8.76495565023718
83.18127250900359,9.80616422754458,9.184246076754665
83.21728691476591,9.73820091872807,10.635776782468469
83.25330132052821,9.807258223698897,11.162829557718135
83.28931572629051,9.94900646244632,11.189714551709203
83.32533013205281,9.853428272897276,9.307303038638567
83.36134453781513,9.689221621649443,10.39568830807463
83.39735894357743,9.633277495428059,9.335702557919296
83.43337334933973,9.858453572362396,10.412607048916987
83.46938775510203,9.747605028237828,9.468870110881856
83.50540216086434,9.777433563650424,10.835893962371792
83.54141656662665,9.933359966505126,10.355557805717565
83.57743097238895,9.903889578656244,7.891356677398323
83.61344537815125,9.839136142611347,9.84973135616914
83.64945978391356,9.656638268387344,5.678865417024399
83.68547418967587,9.851764983876306,10.86182394682179
83.72148859543817,10.015259376744437,12.382608851399324
83.75750300120048,10.029583401447562,11.95043887205051
83.79351740696278,10.123671350058272,8.514383690146351
83.82953181272508,10.13764838301208,9.114281727388798
83.8655462184874,10.31544659897935,8.272396761864664
83.9015606242497,10.433759927043099,6.364245700719604
83.937575030012,10.618281418506346,11.900664146157562
83.9735894357743,10.740744109866558,13.297954519740353
84.00960384153662,10.713267050673023,14.300578964712624
84.04561824729892,10.619826259733392,8.476260099181475
84.08163265306122,10.53586129475724,12.269716913700444
84.11764705882352,10.617180396115588,13.045033206220172
84.15366146458582,10.710834078455294,7.645444071876414
84.18967587034814,10.936991735496772,10.84973296719832
84.22569027611044,10.94896194030371,11.742747510353505
84.26170468187274,10.772593608686982,14.654471916495275
84.29771908763504,10.572428850779893,8.633356982556283
84.33373349339736,10.56628736797554,9.602410649862348
84.36974789915966,10.836369457154799,12.553659981862724
84.40576230492196,10.93995673417972,9.117123441144296
84.44177671068427,10.719831391107876,10.921612499162965
84.47779111644657,10.567028537765792,8.22352564105569
84.51380552220888,10.468304362046133,9.951692911436115
84.54981992797119,10.044931833042073,8.393230273505392
84.58583433373349,9.922293006981958,7.298529388835421
84.62184873949579,9.956554549302506,11.581531807510528
84.6578631452581,9.889630534516895,12.496335733263985
84.6938775510204,9.720213746717038,14.113003653210065
84.72989195678271,9.691919221612368,9.65840622690076
84.76590636254501,9.81145957753421,10.61408603349127
84.80192076830731,9.77219047445096,6.6420842495141725
84.83793517406963,9.822192135749017,7.976783029133124
84.87394957983193,9.893616811677456,14.126511755946252
84.90996398559423,10.06501157897051,10.282664306122715
84.94597839135653,9.928496997794024,10.272688302059157
84.98199279711885,9.985864589361071,4.894742621581786
85.01800720288115,10.169976198093305,7.724129564514124
85.05402160864345,10.254860206248535,11.670206731776204
85.09003601440575,10.24151423744357,10.549381608512885
85.12605042016806,10.07370145983646,7.666381132331029
85.16206482593037,10.222027554680531,12.358355455473475
85.19807923169267,10.300522524676754,10.899180054102526
85.23409363745498,10.236936499004281,9.179836451921137
85.27010804321728,10.354752036471941,13.869215816444298
85.3061224489796,10.591604793856074,11.398925562541686
85.3421368547419,10.765724336018728,12.357076348146547
85.3781512605042,10.877782686608555,10.688870506065664
85.4141656662665,10.880035587793927,8.820846604313449
85.4501800720288,10.688635433846098,9.284332486793195
85.48619447779112,10.562610197027482,9.746265180917344
85.52220888355342,10.837325343475273,11.263748093636863
85.55822328931572,11.125937417627895,13.42417624005016
85.59423769507802,11.174387694839325,9.983354247454026
85.63025210084034,11.030607218870875,10.166580901812434
85.66626650660264,11.058529700050366,9.02548239448442
85.70228091236494,11.123017434611402,13.320103820014484
85.73829531812724,11.217855644564139,15.113100665931778
85.77430972388954,11.059574357571343,9.672370656719355
85.81032412965186,11.092773630000316,9.043641649842847
85.84633853541416,10.99968811067171,10.2443847467174
85.88235294117646,10.734115428629906,9.857277854154336
85.91836734693877,10.703055731685414,7.992066388296243
85.95438175270108,10.464588112759506,11.735664790598912
85.99039615846338,10.340424645264994,9.199239480263412
86.02641056422569,10.23002574469092,12.8459667004083
86.06242496998799,10.043915743259065,13.677071588065498
86.0984393757503,9.72669315236214,13.411112462632822
86.1344537815126,9.433074985291116,10.759492604057389
86.1704681872749,9.284572752495826,6.4619261844207525
86.20648259303721,9.477670260760261,11.49719710003653
86.24249699879951,9.50098088526964,9.734591350203642
86.27851140456183,9.335175163554764,6.622599507656098
86.31452581032413,9.197765232991886,8.570511568502534
86.35054021608643,9.164389491190834,5.952026411125032
86.38655462184873,9.20628334439592,7.482811586520052
86.42256902761105,9.11528962292426,6.659576873265668
86.45858343337335,9.254068160147348,7.60968759328664
86.49459783913565,9.189719722022629,9.353478492218663
86.53061224489795,9.104563405576872,8.65438491494039
86.56662665066025,9.01379695713402,11.766586605400777
86.60264105642257,9.274015382735278,10.96981756854534
86.63865546218487,9.254795289485036,9.468450171695167
86.67466986794717,9.423981669136642,9.087608680304244
86.71068427370948,9.660658253700571,12.555302262712583
86.74669867947179,10.013491713704104,13.087789335371234
86.78271308523409,10.138557330696843,12.0137017015097
86.8187274909964,10.128053774547045,6.62744230509172
86.8547418967587,10.364723137686411,6.639801267313199
86.890756302521,10.707482648834151,10.925851311293252
86.92677070828331,10.730149825662483,9.047260697175355
86.96278511404562,10.803000467951588,11.364084400419348
86.99879951980792,10.950929774396323,13.354530547439015
87.03481392557022,11.074078450439332,12.616903073105554
87.07082833133254,10.822685776427756,6.398384489833841
87.10684273709484,10.603832185202213,12.075609696708614
87.14285714285714,10.359432345436499,12.964838926188223
87.17887154861944,10.279838037674626,11.583606767086438
87.21488595438174,10.304865183416405,6.905508013485047
87.25090036014406,10.34140131032031,10.655986093419893
87.28691476590636,10.119160325939548,10.391684040683495
87.32292917166866,10.01398063096612,10.80832321648082
87.35894357743096,9.972585554418426,8.919185824014889
87.39495798319328,10.070120178621735,12.503278535110288
87.43097238895558,10.186697098256698,11.68448186207927
87.46698679471788,10.059455120773789,11.171053450410763
87.50300120048018,9.898487836958713,6.917853553461223
87.53901560624249,9.963473905483594,10.42554840530154
87.5750300120048,9.689835077712242,10.73959214704206
87.6110444177671,9.51634720379666,5.010723218039465
87.6470588235294,9.421251847105493,4.751662549875633
87.68307322929171,9.660934174781632,11.267845724261711
87.71908763505402,9.624379878694985,10.962029591765289
87.75510204081633,9.675783213751739,13.430097632276974
87.79111644657863,9.654833939534953,8.828847912138853
87.82713085234093,9.831121792763323,9.16577634434067
87.86314525810323,9.714920356821722,8.002679438054814
87.89915966386555,9.702132836515748,12.60016507169975
87.93517406962785,9.725833855755736,9.516618955570683
87.97118847539015,9.88538970498621,11.838164507898384
88.00720288115245,9.759222030119798,10.15667284819837
88.04321728691477,9.901957116322809,9.245274810146205
88.07923169267707,10.1239483564706,9.078621497699036
88.11524609843937,10.262435571478559,8.544873468213417
88.15126050420167,10.180281545305695,6.486482501060575
88.18727490996397,10.352652594496398,12.274509707632555
88.22328931572629,10.5090913165597,13.045289174176023
88.25930372148859,10.434790163432899,14.96005351716518
88.2953181272509,10.22729065053529,7.589427981920592
88.3313325330132,10.205353605888432,6.813807832973738
88.36734693877551,10.218377796366347,9.724991115399243
88.40336134453781,10.212212148942971,13.477340825989938
88.43937575030012,10.260410074840248,8.462097998292471
88.47539015606242,10.379483260476214,10.208763416328276
88.51140456182472,10.35169963254965,11.462275375591233
88.54741896758703,10.511931578148301,10.819190579489057
88.58343337334934,10.382215792652264,8.093077587065414
88.61944777911164,10.438193524689357,12.956770020531923
88.65546218487394,10.412871954484059,11.053796963126254
88.69147659063626,10.447093567773718,8.989792535579017
88.72749099639856,10.505047602756795,10.81906337216415
88.76350540216086,10.402450263193336,11.81169143127623
88.79951980792316,10.273550024189865,9.144520965435412
88.83553421368546,10.291568661487725,9.824757715564456
88.87154861944778,10.384866848492264,8.601421255490594
88.90756302521008,10.660226349696508,9.656973804429612
88.94357743097238,10.542678520457995,11.304536566882858
88.97959183673468,10.386202958105256,10.637208578695995
89.015606242497,10.158602194513811,14.8077036925771
89.0516206482593,10.297747427151167,9.75561123604632
89.0876350540216,10.25951023605675,7.615881949807088
89.1236494597839,10.137617416711175,8.785024568317251
89.15966386554621,10.222855347246721,8.576642413803013
89.19567827130852,10.060699386864417,12.567408535133884
89.23169267707082,9.796424402582591,11.16523045445048
89.26770708283313,9.749845703451406,11.953954278538257
89.30372148859543,9.832779889182758,9.638260339660643
89.33973589435774,9.732186318694723,8.20326506121003
89.37575030012005,9.72985759723242,10.73705795002787
89.41176470588235,9.716715998103538,8.240344195839546
89.44777911164465,9.787349128833652,9.974323315723964
89.48379351740695,9.605298060739182,9.49756383172536
89.51980792316927,9.413055169416303,7.827709429749623
89.55582232893157,9.347969697954518,9.523351124525767
89.59183673469387,9.369617337048988,8.532227703988541
89.62785114045617,9.4183822407058,12.700406219659342
89.66386554621849,9.64887015753044,8.465173664685983
89.69987995198079,9.665278582067028,7.171435355485469
89.73589435774309,9.701887247487205,10.2854967102996
89.7719087635054,9.735410606378665,6.507363016434834
89.8079231692677,9.662167365974266,11.723805665743932
89.84393757503001,9.627510359966863,11.746085759671963
89.87995198079231,9.613660644017221,12.280038766513208
89.91596638655462,9.89405027095894,7.985510640049837
89.95198079231692,10.041209161526488,9.926170079980578
89.98799519807923,10.032913897419599,9.389344104553992
90.02400960384153,10.22605435020794,11.136850302512588
90.06002400960384,10.189478103867438,6.380631261894209
90.09603841536614,10.251778649944407,12.750606246520515
90.13205282112844,10.427938416892465,12.325150759807183
90.16806722689076,10.357418388888423,10.611329969675692
90.20408163265306,10.396886910222262,10.540098123268931
90.24009603841536,10.32713419941523,9.532051548126717
90.27611044417766,10.635955591538185,10.259784847210996
90.31212484993998,10.54823235095536,11.096224185958524
90.34813925570228,10.497233087738403,8.067002700035108
90.38415366146458,10.52286004997524,8.349830417324345
90.42016806722688,10.39448575464585,10.08528474504292
90.4561824729892,10.27105443383704,13.9677112867059
90.4921968787515,10.183299206759722,13.732385890119962
90.5282112845138,10.364783619313055,8.445791144217617
90.5642256902761,10.273227970890044,9.134309678236296
90.6002400960384,10.308060630735019,11.065228899246131
90.63625450180072,10.123420086945263,8.761922576027633
90.67226890756302,10.188786126683453,11.506734622031471
90.70828331332532,9.96179847493634,11.039645342659773
90.74429771908764,9.971786671877593,7.624598809441426
90.78031212484994,10.077158076363798,11.093635894164375
90.81632653061224,10.13894820826458,9.955477706998115
90.85234093637456,10.069421056886627,11.33073961283676
90.88835534213683,9.911403690018938,6.489304224942767
90.92436974789916,9.664651014418487,11.265784507080356
90.96038415366148,9.550926315176435,8.395809009175364
90.99639855942377,9.327876831327687,8.914814547273
91.03241296518608,9.215737871109175,7.709518767735926
91.06842737094836,9.17335924291746,12.517300389365795
91.10444177671069,9.222274422955799,12.887609928771887
91.140456182473,9.414139524046446,7.746331003380792
91.17647058823528,9.39062330458301,9.365292874047393
91.2124849939976,9.438750342827165,7.596864256428416
91.2484993997599,9.64634202062845,11.962069052063134
91.2845138055222,9.590262866636504,7.922699972354836
91.32052821128453,9.72875953270423,9.157703570373185
91.3565426170468,9.692049178313944,9.706024733605526
91.39255702280911,9.708581929244463,7.377351943695427
91.42857142857144,9.824181383496349,6.263326409289355
91.46458583433372,9.812143425462372,8.848441838092723
91.50060024009603,9.735229238630243,9.89604562828976
91.53661464585834,9.737803750604323,13.267564525799092
91.57262905162064,9.632501972783997,12.102518437281724
91.60864345738295,9.63312909530948,12.201082948160572
91.64465786314526,9.663588296886067,9.718043010003854
91.68067226890756,9.688567591077202,9.52413512098384
91.71668667466986,9.805935259482277,12.129392423063084
91.75270108043216,10.081131023496294,10.043564349288737
91.78871548619448,10.083409217324117,10.200297908485826
91.82472989195678,10.218186627129798,8.835381359976157
91.86074429771908,10.080092172613183,6.536774904562535
91.89675870348138,10.188859424481285,9.980296300890483
91.9327731092437,10.101678950609436,8.136805497340228
91.968787515006,10.164522957389785,12.355853406122472
92.0048019207683,10.16132656080443,7.705099588273806
92.0408163265306,10.222271831659947,8.30895478684499
92.07683073229292,10.054477865586243,10.297553946280756
92.11284513805522,10.117307113751904,14.214766125326854
92.14885954381752,10.103698718576176,7.659489873524448
92.18487394957982,10.260211723040943,15.165354881598915
92.22088835534213,10.400367209944507,10.719139160743348
92.25690276110444,10.569584371911242,10.369298672565687
92.29291716686674,10.635030982997073,8.704864364264418
92.32893157262905,10.711183898838087,11.436080662591666
92.36494597839136,10.736552060590705,9.012761218845478
92.40096038415366,10.860412202156581,10.265193806044444
92.43697478991596,10.894557755255907,8.244047649893808
92.47298919567828,10.948981190334933,12.537306281418676
92.50900360144055,10.82300688831981,11.718406592829185
92.54501800720288,10.764700214960213,12.835955662904494
92.5810324129652,10.63179769589443,10.58051013789346
92.61704681872747,10.623551040231153,12.874877336900424
92.6530612244898,10.30826141920809,8.708660425415355
92.68907563025208,10.01859004830573,11.88347897000949
92.7250900360144,9.792002038774157,8.16684908925443
92.76110444177672,9.895530828621906,10.32524218708676
92.797118847539,9.804403013460897,9.98029483601938
92.83313325330133,10.106640210780762,9.691615871100849
92.8691476590636,9.903540323444386,9.42382515192438
92.90516206482592,9.874279012220757,9.298998679739588
92.94117647058825,9.873943039469973,8.27710941115311
92.97719087635052,9.763661030900652,12.26177131129154
93.01320528211284,9.760578296636693,8.15482710887642
93.04921968787517,9.765216738962865,10.09461702993802
93.08523409363744,9.544341409929627,7.737788865026193
93.12124849939975,9.612795963758009,8.339125073702075
93.15726290516206,9.667696359672826,9.296482020634802
93.19327731092436,9.857042540469564,8.524228112721795
93.22929171668667,9.82791846492953,9.57393361362793
93.26530612244898,9.853084650341046,12.259870642029831
93.30132052821128,9.829615339409873,12.22959644947102
93.33733493397358,9.775159407817121,13.14810020039032
93.3733493397359,9.761531805446703,10.339636479956216
93.4093637454982,9.979157417166784,8.186513773409601
93.4453781512605,9.986526171070643,5.994327255960621
93.4813925570228,9.902650460979453,14.069759362368398
93.5174069627851,9.882581858102661,10.415080041453656
93.55342136854742,9.93349354334223,7.591614421965726
93.58943577430972,9.968578563234079,12.900942581456068
93.62545018007202,10.014828462897556,8.126128868857242
93.66146458583432,10.049471776278324,8.56023977907537
93.69747899159664,10.288228223856501,11.519541275058833
93.73349339735894,10.336092059432296,9.244943073270507
93.76950780312124,10.515913754459683,9.066793865965804
93.80552220888354,10.513015840292288,7.193752353181807
93.84153661464585,10.381657898173048,10.207613610166288
93.87755102040816,10.290165130076401,12.1788545917436
93.91356542617046,10.486676121525415,9.752043380204483
93.94957983193277,10.484767286329562,14.41827372258406
93.98559423769508,10.689159147436868,10.52227566264888
94.02160864345738,10.762379302812986,6.743274787648105
94.05762304921969,10.691322982799841,11.073508669701
94.093637454982,10.355480486842092,13.567981434454328
94.12965186074427,10.421456056749557,12.564774396585891
94.1656662665066,10.440750440550987,11.077642744621237
94.2016806722689,10.545013937713868,10.170152747676442
94.2376950780312,10.620292789483546,14.525047422237597
94.27370948379352,10.331292257699062,11.44200664852609
94.3097238895558,10.261573154928653,8.144586148197586
94.34573829531811,10.298710815362341,9.370365075183896
94.38175270108044,10.30610063746238,5.418729627230727
94.41776710684272,10.291873736187956,9.375739458544768
94.45378151260503,10.181445851935344,11.193312634654328
94.48979591836734,10.22549132895762,11.19134980506152
94.52581032412964,10.289450238734009,6.989988147095176
94.56182472989197,10.358454219311868,11.892995829515751
94.59783913565424,10.69600976967042,8.761612246398183
94.63385354141656,10.643677786761753,9.122363404801709
94.66986794717889,10.531704577344652,9.921003216497532
94.70588235294116,10.49471366683386,13.437104059095876
94.74189675870348,10.51232474940406,12.93732555862687
94.77791116446578,10.654917739536348,11.45206832709597
94.8139255702281,10.651504093170372,5.798489005895473
94.8499399759904,10.703822873930513,11.271943225645185
94.8859543817527,10.94427120341296,15.969637443405263
94.921968787515,10.889115986099219,11.68460294424024
94.9579831932773,10.975256818728795,12.45930913927733
94.99399759903962,11.10084175484544,11.170672017379044
95.03001200480192,10.869582416777758,11.236490273212244
95.06602641056422,10.804048156724159,10.97955967814185
95.10204081632652,10.846291659604136,9.688601471590852
95.13805522208884,10.853651181084716,11.22064001386307
95.17406962785114,10.593179806975845,8.477347470353537
95.21008403361344,10.587189194352023,6.379390033682386
95.24609843937574,10.509199374858394,11.648961103598564
95.28211284513804,10.380578085804062,8.598454149968159
95.31812725090036,10.31048329610004,10.414167368765586
95.35414165666266,10.311101419366118,12.38501609263542
95.39015606242496,10.408349634142201,9.302512791696657
95.42617046818728,10.269467786892085,11.594358189976596
95.46218487394958,9.928161882486616,9.47213706041856
95.49819927971188,9.818239076903316,9.793552553332846
95.5342136854742,9.816540559414777,14.902048640039716
95.57022809123649,9.903882959544234,8.54370865949877
95.6062424969988,10.002514315948469,7.747756681621499
95.6422569027611,10.061505011874967,10.923114238547631
95.6782713085234,10.031926016579385,10.168329242851872
95.71428571428572,10.017913746328334,9.174716563639352
95.750300120048,9.816074215211108,9.918720898975351
95.78631452581033,9.9089380894038,11.626238432903332
95.82232893157264,9.974232909315289,10.44977275982581
95.85834333733492,9.728856756812856,8.646616124387595
95.89435774309725,9.633526752046482,9.283218444051196
95.93037214885952,9.454308111341948,7.885367665981171
95.96638655462183,9.47081221699623,9.616823855903556
96.00240096038416,9.527110984148388,7.1137571220492
96.03841536614644,9.3425938058861,11.39121047824393
96.07442977190875,9.529231922236077,10.1360320766388
96.11044417767108,9.539104051861846,9.620083997362938
96.14645858343336,9.645822342634846,13.06837861558503
96.18247298919567,9.988150939611694,7.829115391038767
96.21848739495798,9.914885204925943,8.34056650596361
96.25450180072028,9.904817017267542,7.9831293527265075
96.2905162064826,10.092972506577054,10.263928188118468
96.3265306122449,10.161116211237143,10.101673841526145
96.3625450180072,10.267283480965572,13.927766866150485
96.3985594237695,10.236426158180254,9.254190030853202
96.4345738295318,10.344756848722875,6.578925188210897
96.47058823529412,10.595202750501597,10.640770353433442
96.50660264105642,10.694580407596339,12.65247103549964
96.54261704681872,10.723185470082075,12.29215202090672
96.57863145258102,10.776381218590897,9.666789667768038
96.61464585834334,10.69314158509512,11.200595889269842
96.65066026410564,10.602693637656724,14.760823397702046
96.68667466986794,10.662141721788952,9.021155928145175
96.72268907563024,10.547935539506181,11.092876798953125
96.75870348139256,10.618437004246015,8.988890390410534
96.79471788715486,10.74467192408821,8.939296259327689
96.83073229291716,10.81084561233901,12.9809136380436
96.86674669867946,10.627316238299827,10.659216525906324
96.90276110444177,10.478899861186527,8.893731900072112
96.93877551020408,10.45052305396958,10.986950915471738
96.97478991596638,10.29649563491048,8.926628867387194
97.01080432172868,10.630923906799756,12.894996337616671
97.046818727491,10.56844671664331,12.199734110844316
97.0828331332533,10.508254265846535,7.910289295523046
97.1188475390156,10.520759669527257,8.932766984397059
97.1548619447779,10.70068278560251,10.77315885105489
97.1908763505402,10.629463660037278,8.124732759806179
97.22689075630252,10.548842745310099,12.641509385382818
97.26290516206484,10.460722175389483,10.04746155539094
97.29891956782711,10.563546395409224,10.497773817182626
97.33493397358944,10.669342225800557,13.894728538879953
97.37094837935172,10.639559659653896,9.24629945579059
97.40696278511405,10.679065169464522,11.651036702713682
97.44297719087636,10.511416431171918,7.579630282999837
97.47899159663864,10.731592412298374,13.20013242821835
97.51500600240097,10.654097646928783,11.919996212176915
97.55102040816324,10.627536252520231,11.24394495792266
97.58703481392556,10.695645017050847,14.456948459219603
97.62304921968789,10.689796296459498,7.340770662431088
97.65906362545016,10.804049046870341,11.82839369856726
97.69507803121247,11.125737807890918,8.096442795851946
97.7310924369748,11.021604246542918,9.282513823366592
97.76710684273708,10.850244824047369,6.9485696072122405
97.8031212484994,10.948574260025095,12.750047918131235
97.8391356542617,10.845106620691295,10.808544610357943
97.875150060024,10.967577260804068,12.818140866041912
97.91116446578631,11.03159397498718,13.315716340515367
97.94717887154862,11.06929227058589,7.874690235464458
97.98319327731092,11.222329245941514,12.888009079417207
98.01920768307322,11.086323915446334,9.128762599884718
98.05522208883554,11.00815614880124,13.61704301389093
98.09123649459784,10.867019519892533,8.88304867600199
98.12725090036014,10.722788293686687,14.018913252234452
98.16326530612244,10.790634208105436,11.359387797497735
98.19927971188474,10.655159404668206,11.144189600269945
98.23529411764706,10.71208600747776,10.5677085968937
98.27130852340936,10.583762178097054,11.877491930800373
98.30732292917166,10.543647308937752,6.390379887984145
98.34333733493396,10.26585907021115,11.263556933381464
98.37935174069628,10.042468831069607,13.66456616484002
98.41536614645858,9.87144993178098,9.109961201672316
98.45138055222088,9.786914741542144,10.430967577445474
98.48739495798318,9.545705029677082,9.268425814988255
98.52340936374549,9.61369541658088,7.486526685238997
98.5594237695078,9.775005003151165,7.489160648552715
98.5954381752701,9.80464201205012,7.800385529520849
98.6314525810324,9.817315106601356,9.65399144415702
98.66746698679472,9.574113855364592,10.60589510831381
98.70348139255702,9.56610155543154,7.326780056043868
98.73949579831933,9.44203941356984,12.905032544251965
98.77551020408164,9.721101175004552,7.207646557135457
98.81152460984391,9.758074030540897,11.298274458635952
98.84753901560624,9.819038358325015,11.021386173715538
98.88355342136856,9.81845566694839,8.218762607928657
98.91956782713083,9.877758969291781,10.184079918535856
98.95558223289316,9.825397971205913,12.16746731874168
98.99159663865544,9.970068023885135,12.16241514547812
99.02761104441775,10.182790237049872,7.862246187854751
99.06362545018008,10.109213925339237,11.257465044824787
99.09963985594236,10.272006886071072,13.979995930493754
99.13565426170469,10.280104148726037,9.593065336073243
99.171668667467,10.233355605493625,8.290396189651107
99.20768307322928,10.279261524237445,4.979266374079733
99.2436974789916,10.256779425081584,9.646747434663062
99.2797118847539,10.308074585433284,12.349679770242425
99.3157262905162,10.238543928614336,12.374109439516715
99.35174069627853,10.040632511772882,11.11499944843248
99.3877551020408,10.217610298449499,6.961510765306023
99.42376950780312,10.203676522288823,10.29549761507904
99.45978391356542,10.194054976619617,9.949023709724676
99.49579831932772,10.190329965337725,11.265756316388266
99.53181272509003,10.194085792339079,12.049902017756022
99.56782713085234,10.20690676151961,9.103422663486828
99.60384153661464,10.230377176775251,8.776089197485911
99.63985594237694,10.26608134200193,10.190739865172375
99.67587034813926,10.31560356109558,13.234950153106125
99.71188475390156,10.380528137952131,9.422310139529667
99.74789915966386,10.462439376467515,12.046861132838538
99.78391356542616,10.562921580537662,11.584854017766949
99.81992797118848,10.683559054058502,8.698071490833815
99.85594237695078,10.82593610092597,9.58813448262651
99.89195678271308,10.991637025035992,9.06057887253383
99.92797118847538,11.1822461302845,13.033434387830248
99.96398559423768,11.399347720567427,13.163054044956064
100.0,11.644526099780704,10.353515210190093
